id,year,exclude,Film,Lead Studio,Rotten Tomatoes,Audience Score,Story,Genre,Number of Theatres in Opening Weekend (US),Box Office Average per Cinema,Domestic Gross,Foreign Gross,Worldwide Gross,Budget,Profit,Proftitability,Opening Weekend,Oscar,Bafta,Source,Column
1,2010,,127 Hours,Independent,93,84,Escape,Adventure,916,2333,18.33,42.4,60.73,18,42.73,337.39%,0.26,,,http://boxofficemojo.com/movies/?id=127hours.htm,
2,2010,,A Nightmare on Elm Street,Warner Bros.,13,40,Monster Force,Horror,3332,9875,63.08,52.59,115.66,35,80.66,330.46%,32.9,,,,
3,2010,,Alice in Wonderland,Disney,52,72,Journey And Return,Adventure,3728,31143,334.19,690.2,1024.39,200,824.39,512.20%,116.1,,,,
4,2010,,All About Steve ,Independent,6,35,Comedy,Comedy,2251,4994,33.86,6.26,40.13,15,25.13,267.53%,11.2,,,http://www.the-numbers.com/movies/2009/ABSTV.php,
5,2010,y,All Good Things,Independent,33,64,The Riddle,Drama,2,,0.58,0.062,0.64,20,-19.36,3.20%,0.037,,,http://www.wikipedia.org,
6,2010,,Alpha and Omega,Crest,17,41,Journey And Return,Animation,2625,3469,25.12,4.8,29.91,20,9.91,149.55%,9.1,,,,
7,2010,y,Barry Munday,Independent,43,43,Maturation,Comedy,,,,,,,0,,,,,,
8,2010,,Black Swan ,Fox,88,86,Wretched Excess,Drama,959,8742,106.95,222.44,329.39,13,316.39,2533.77%,8.38,Best Actress,,,
9,2010,,Brooklyn's Finest,Independent,42,47,Temptation,Action,1936,6896,27.2,9.15,36.31,17,19.31,213.59%,13.4,,,http://boxofficemojo.com/movies,
10,2010,,Buried,Independent,86,63,Escape,Drama,11,9115,1.04,17.33,18.38,2,16.38,919.00%,0.103,,,http://boxofficemojo.com/movies,
11,2010,,Burlesque,Paramount,36,66,Rags To Riches,Drama,3037,3934,38.24,17.84,56.08,55,1.08,101.96%,11.95,,,http://boxofficemojo.com/movies/?id=burlesque.htm,
12,2010,,Case 39,Independent,23,42,Monster Force,Horror,2211,2420,13.26,14.93,28.19,26,2.19,108.42%,5.4,,,http://boxofficemojo.com/movies,
13,2010,,Cats & Dogs: The Revenge of Kitty Galore,Independent,13,43,Pursuit,Action,3705,3314,43.59,68.9,112.48,85,27.48,132.33%,12.3,,,http://boxofficemojo.com/movies,
14,2010,,"Charlie St. Cloud ",Universal,27,62,Discovery,Romance,2718,4555,31.16,14.93,46.09,44,2.09,104.75%,12.4,,,http://boxofficemojo.com/movies,
15,2010,,City Island,Independent,81,77,Transformation,Comedy,2,,6.67,1.19,7.86,6,1.86,131.00%,0.032,,,http://boxofficemojo.com/movies,
16,2010,,Clash of the Titans,Warner Bros.,28,48,Quest,Action,3777,16213,163.21,330,493.21,125,368.21,394.57%,61.2,,,http://boxofficemojo.com/movies,
17,2010,y,Conviction,Independent,68,71,Rescue,Biography,672,2424,6.79,2.92,9.71,12.5,-2.79,77.68%,1.62,,,http://boxofficemojo.com/movies,
18,2010,y,Cop Out,Warner Bros.,19,45,The Riddle,Action,3150,5781,44.88,10.64,55.52,30,25.52,185.07%,18.21,,,http://boxofficemojo.com/movies,
19,2010,y,Country Strong,Sony,20,56,Rags To Riches,Drama,1424,5145,20.21,0.31,20.52,15,5.52,136.80%,7.33,,,,
20,2010,,Cyrus,Independent,80,51,Rivalry,Comedy,4,45429,7.47,2.45,9.92,7,2.92,141.71%,0.18,,,http://boxofficemojo.com/movies,
21,2010,,Date Night,Fox,66,58,Pursuit,Comedy,3374,7471,98.71,53.55,152.26,55,97.26,276.84%,25.2,,,http://boxofficemojo.com/movies,
22,2010,,"Daybreakers ",Lionsgate,67,50,Discovery,Action,2523,6003,30.1,21.31,51.42,20,31.42,257.10%,15.1,,,,
23,2010,,Dear John,Sony,29,66,Love,Drama,2969,10262,80.01,34.96,114.98,25,89.98,459.92%,30.4,,,,
24,2010,,Death at a Funeral,Independent,40,48,Comedy,Comedy,2459,6595,42.74,6.31,49.05,21,28.05,233.57%,16.2,,,,
25,2010,,Despicable Me,Universal,81,81,Maturation,Animation,3476,16225,251.38,290.5,541.88,69,472.88,785.33%,56.4,,,,
26,2010,,Devil,Independent,52,45,Monster Force,Horror,2809,4375,33.6,23.23,56.83,10,46.83,568.30%,12.3,,,,
27,2010,,Diary of a Wimpy Kid,Independent,53,49,Underdog,Comedy,3077,7191,64,11.7,75.7,15,60.7,504.67%,22.1,,,,
28,2010,,Dinner for Schmucks,Paramount,43,47,Comedy,Comedy,2911,8082,73.03,13.38,86.41,69,17.41,125.23%,23.5,,,,
29,2010,,Due Date,Warner Bros.,40,56,Comedy,Comedy,3355,9743,99.65,100.9,200.55,50,150.55,401.10%,32.69,,,http://boxofficemojo.com/movies/?id=duedate.htm,
30,2010,,Easy A,Sony,85,75,Maturation,Comedy,2856,6209,58.4,15.24,73.64,8,65.64,920.50%,17.7,,,,
31,2010,,"Eat Pray Love ",Sony,36,46,Journey And Return,Drama,3082,7497,80.57,123.91,204.48,60,144.48,340.80%,23.1,,,,
32,2010,,Edge of Darkness,Warner Bros.,55,56,Revenge,Crime,3066,5615,43.31,37.81,81.12,80,1.12,101.40%,17.2,,,,
33,2010,,"Extraordinary Measures ",CBS,27,55,Underdog,Drama,2549,2359,12.07,3.07,15.13,31,-15.87,48.81%,6,,,,
34,2010,,"Faster ",CBS,41,50,Revenge,Action,2454,3873,22.94,1.97,24.91,24,0.91,103.79%,8.52,,,,
35,2010,y,For Colored Girls,Independent,33,73,Discovery,Drama,2127,9167,37.69,17.32,37.7,21,16.7,179.52%,19.5,,,,
36,2010,,From Paris with Love,Independent,38,57,Pursuit,Action,2722,2997,24.08,28.72,52.8,52,0.8,101.54%,8.2,,,,
37,2010,,"Furry Vengeance ",Summit,8,36,Comedy,Comedy,2997,2211,17.63,18.34,35.97,35,0.97,102.77%,6.6,,,,
38,2010,,Get Him to the Greek,Universal,73,63,Comedy,Comedy,2697,6515,60.97,30.42,91.39,40,51.39,228.48%,17.6,,,,
39,2010,,Going the Distance,Warner Bros.,53,56,Love,Comedy,3030,2272,17.8,24.25,42.05,32,10.05,131.41%,6.9,,,,
40,2010,,Green Zone,Universal,53,60,Quest,Action,3003,4765,35.05,59.82,94.88,100,-5.12,94.88%,14.3,,,,
41,2010,y,Greenberg,Independent,75,40,Transformation,Comedy,3,39384,4.23,1.92,6.15,,6.15,,0.11,,,,
42,2010,,"Grown Ups ",Independent,10,59,Comedy,Comedy,3534,11462,161.9,105.5,267.4,80,187.4,334.25%,40.5,,,,
43,2010,,Gulliver's Travels,Fox,21,31,Journey And Return,Comedy,2546,2477,42,194,237.38,112,125.38,211.95%,6.3,,,,
44,2010,y,Hachiko: A Dog's Story,Independent,58,85,Sacrifice,Drama,,,0,40.26,40.26,16,24.26,251.63%,18,,,,
45,2010,,Harry Potter and the Deathly Hallows Part 1,Warner Bros.,79,87,Quest,Adventure,4125,30307,295,660,955.41,125,830.41,764.33%,125,,,http://boxofficemojo.com/movies,
46,2010,,Hot Tub Time Machine,MGM,64,57,Journey And Return,Adventure,2754,5091,50.29,14.13,64.42,36,28.42,178.94%,14,,,,
47,2010,,How to Train Your Dragon,Paramount,98,90,Underdog,Animation,4055,10785,217.58,277.3,494.88,165,329.88,299.93%,43.7,,,,
48,2010,,I Love You Phillip Morris,Independent,71,57,Love,Comedy,100,,1.44,18.66,20.1,15,5.1,134.00%,0.11,,,,
49,2010,y,I'm Still Here,Independent,52,38,Comedy,Comedy,120,,0.41,0.14,0.55,,0.55,,0.097,,,,
50,2010,,Inception,Warner Bros.,86,93,Journey And Return,Action,3792,16557,292.58,531,823.58,160,663.58,514.74%,62.8,,,,
51,2010,,Iron Man 2,Paramount,74,80,Rivalry,Action,4380,29252,312.43,309.62,622.1,200,422.1,311.05%,128.1,,,,
52,2010,,Jackass 3-D,Paramount,63,72,Comedy,Documentary,3081,16343,117.19,52.76,169.95,20,149.95,849.75%,50.4,,,,
53,2010,,Jonah Hex,Warner Bros.,13,24,Revenge,Action,2825,1904,10.55,0.36,10.9,47,-36.1,23.19%,5.4,,,,
54,2010,y,Just Wright,Fox,45,58,Love,Comedy,1831,4525,21.54,0.029,21.57,12,9.57,179.75%,8.3,,,http://forum.blu-ray.com/movies/141938-just-wright-review-thread-use-spoiler-tags.html. *NB unofficial budget figure - see links for sources,http://www.shadowandact.com/?p=23430
55,2010,,Kick-Ass,Independent,76,83,Rivalry,Action,3065,6469,48.07,48.06,96.13,30,66.13,320.43%,19.8,,,,
56,2010,,Killers,Lionsgate,11,45,Love,Action,2859,5539,47.06,46.34,93.4,75,18.4,124.53%,15.8,,,,
57,2010,,Knight and Day,Fox,53,52,Pursuit,Action,3098,6501,76.42,185.26,261.68,117,144.68,223.66%,20.2,,,,
58,2010,y,Knucklehead,WWE Studios,10,35,Comedy,Comedy,,,,,,,0,,,,,,
59,2010,,Leap Year,Universal,21,49,Love,Comedy,2511,3665,25.9,6.69,32.61,19,13.61,171.63%,9.2,,,,
60,2010,,Legend of the Guardians: The Owls of Ga'Hoole,Warner Bros.,51,65,Rivalry,Animation,3575,4507,55.64,84.26,139.9,80,59.9,174.88%,16.1,,,,
61,2010,,Legion,Independent,19,36,Monster Force,Action,2476,7069,40.17,27.74,67.91,26,41.91,261.19%,17.5,,,,
62,2010,,Letters to Juliet,Summit,40,62,Love,Comedy,2968,4562,53.03,26.15,79.18,30,49.18,263.93%,13.5,,,,
63,2010,,Life as We Know It,Independent,28,62,Love,Comedy,3150,4605,53.13,43.03,96.16,38,58.16,253.05%,14.5,,,,
64,2010,,Little Fockers,Independent,9,40,Comedy,Comedy,3536,8720,123.69,109.01,232.7,100,132.7,232.70%,30.83,,,,
65,2010,,Love & Other Drugs,Fox,48,55,Love,Comedy,2455,3967,31.68,22.85,54.53,30,24.53,181.77%,9.74,,,,
66,2010,,MacGruber,Independent,47,33,Comedy,Action,2551,1585,8.53,0.8,9.32,10,-0.68,93.20%,4,,,,
67,2010,,Machete,Independent,73,66,Revenge,Action,2670,4276,26.59,15.55,42.15,20,22.15,210.75%,11,,,,
68,2010,,Marmaduke,Fox,9,46,Rivalry,Comedy,3213,3610,33.64,49.71,83.36,50,33.36,166.72%,11.6,,,,
69,2010,,Megamind,Paramount,72,73,Transformation,Animation,3944,9743,144.67,173.46,321.88,130,191.88,247.60%,46.02,,,,
70,2010,y,Morning Glory,Independent,54,54,Comedy,Comedy,2518,3655,31.01,27.78,58.78,40,18.78,146.95%,9.2,,,,
71,2010,,Mother and Child,Independent,79,61,Transformation,Drama,4,,1.11,3.76,4.87,7,-2.13,69.57%,0.43,,,,
72,2010,y,My Soul to Take,Relativity Media,9,29,Monster Force,Horror,2572,4605,14.74,5.09,19.83,25,-5.17,79.32%,6.8,,,,
73,2010,,Nanny McPhee Returns,Universal,77,54,Comedy,Comedy,2784,3020,29.01,64.23,93.25,35,58.25,266.43%,8.4,,,,
74,2010,y,Never Let Me Go,Independent,70,70,Tragedy,Drama,4,,2.43,7.3,9.45,15,-5.55,63.00%,0.11,,,,
75,2010,y,Our Family Wedding,Independent,14,49,Love,Comedy,1605,4754,20.26,1.11,21.36,,21.36,,7.6,,,,
76,2010,,Paranormal Activity 2,Paramount,59,51,Monster Force,Horror,3216,12649,84.75,92.75,177.51,3,174.51,5917.00%,40.67,,,http://boxofficemojo.com/movies/?id=paranormalactivity2.htm,
77,2010,,Percy Jackson & the Olympians: The Lightning Thief,Fox,50,57,Rivalry,Action,3356,9308,88.77,137.73,226.5,95,131.5,238.42%,31.2,,,,
78,2010,,Piranha 3-D,The Weinstein Company,74,45,Monster Force,Comedy,2470,4092,25,54.78,79.78,24,55.78,332.42%,10.1,,,http://www.the-numbers.com/movies/2009/ABSTV.php,
79,2010,y,Please Give,Sony,88,62,Comedy,Comedy,,,4.03,0.23,4.26,3,1.26,142.00%,0.1,,,,
80,2010,,Predators,Fox,64,52,Monster Force,Action,2669,9277,52,74.74,126.74,40,86.74,316.85%,24.8,,,,
81,2010,,Prince of Persia: The Sands of Time,Disney,36,71,Rivalry,Action,3646,3646,90.76,244.39,335.15,200,135.15,167.58%,30,,,,
82,2010,,Red,Summit,71,72,Rivalry,Action,3255,6686,89.84,74.58,164.42,58,106.42,283.48%,21.8,,,,
83,2010,,Remember Me,Summit,28,70,Love,Drama,2212,3657,19.07,36.79,55.85,16,39.85,349.06%,8,,,,
84,2010,,Repo Men,Universal,22,43,Rescue,Action,2521,2430,13.79,4.62,18.41,32,-13.59,57.53%,6.1,,,,
85,2010,,Resident Evil: Afterlife,Highlight Communications,24,53,Monster Force,Action,3203,8320,60.13,236.09,296.22,60,236.22,493.70%,26.7,,,,
86,2010,,Robin Hood,Universal,42,59,Rivalry,Action,3503,10295,105.27,216.4,321.67,200,121.67,160.84%,36,,,,
87,2010,,Salt,Sony,62,62,Revenge,Action,3612,9970,118.31,175.19,293.5,110,183.5,266.82%,36,,,,
88,2010,,Saw 3-D,Independent,10,47,Escape,Crime,2808,8024,45.71,76.8,122.51,20,102.51,612.55%,22.53,,,,
89,2010,,Scott Pilgrim vs. the World,Universal,81,83,Underdog,Action,2818,3765,31.52,16.05,47.58,60,-12.42,79.30%,10.6,,,,
90,2010,,Sex and the City 2,Warner Bros.,15,49,Love,Comedy,3445,3445,95.35,193,288.35,100,188.35,288.35%,31,,,,
91,2010,,She's Out of My League,Paramount,57,60,Love,Comedy,2956,3307,32.01,16.8,48.81,20,28.81,244.05%,9.8,,,,
92,2010,,Shrek Forever After,Paramount,57,64,Journey And Return,Animation,4359,16251,238.74,510.06,748.8,165,583.8,453.82%,70.8,,,,
93,2010,,Shutter Island,Paramount,68,73,The Riddle,Drama,2991,13729,128.01,166.79,294.8,80,214.8,368.50%,41,,,,
94,2010,,Skyline,Independent,16,19,Monster Force,Action,2880,4060,21.39,33.87,55.26,10,45.26,552.60%,11.69,,,,
95,2010,,Solitary Man,Independent,81,47,Wretched Excess,Comedy,4,23734,4.36,0.7,5.06,15,-9.94,33.73%,0.09,,,,
96,2010,,Step Up 3D,Summit,46,67,Transformation,Drama,2435,6494,42.4,116.75,159.15,30,129.15,530.50%,15.8,,,http://www.the-numbers.com/movies/2009/ABSTV.php,
97,2010,,Stone,Independent,49,20,Rivalry,Drama,6,12628,1.81,6.59,8.4,22,-13.6,38.18%,0.075,,,,
98,2010,,Takers,Sony,27,57,Rivalry,Action,2206,9298,57.74,10.42,68.16,32,36.16,213.00%,20.5,,,,
99,2010,,Tangled,Disney,89,88,Love,Animation,3603,13535,175.78,179.3,355.08,260,95.08,136.57%,48.77,,,,
100,2010,,The A-Team,Fox,47,71,Pursuit,Action,3535,7262,77.22,99.81,177.03,100,77.03,177.03%,25.7,,,,
101,2010,,The American,Universal,66,37,Rivalry,Crime,2823,4668,35.61,10.39,46,20,26,230.00%,13.1,,,,
102,2010,,The Back-up Plan,CBS,20,47,Love,Comedy,3280,3720,37.49,39.6,77.1,35,42.1,220.29%,12.2,,,,
103,2010,,The Book of Eli ,Independent,48,68,Quest,Action,3111,10540,94.84,58.62,153.45,80,73.45,191.81%,32.7,,,,
104,2010,,The Bounty Hunter,Sony,7,41,Rivalry,Action,3074,6729,67.06,69.26,136.32,40,96.32,340.80%,20.7,,,http://boxofficemojo.com/movies,
105,2010,,The Chronicles of Narnia: The Voyage of the Dawn Treader,Fox,49,63,Quest,Adventure,3555,6752,104,311,415.68,155,260.68,268.18%,24,,,,
106,2010,y,The Company Men,Independent,66,56,Discovery,Drama,,,,,,,0,,,,,,
107,2010,,The Crazies,Liberty Starz,72,54,Monster Force,Horror,2476,6489,39.12,15.47,54.59,20,34.59,272.95%,16.07,,,http://boxofficemojo.com/movies/?id=crazies.htm,
108,2010,,The Expendables,Independent,40,58,Pursuit,Action,3270,10650,103.07,171.4,274.47,82,192.47,334.72%,34.8,,,,
109,2010,,The Fighter,Paramount,91,88,Underdog,Drama,2503,4848,93,35,129.19,25,104.19,516.76%,12,"Sup. Actor, Sup. Actress",,,
110,2010,,The Ghost Writer,Independent,83,68,The Riddle,Mystery,4,,15.54,44.48,60.02,45,15.02,133.38%,2,,,,
111,2010,,The Greatest,Independent,52,39,Discovery,Drama,,,0.11,0.3,0.41,6,-5.59,6.83%,0.3,,,,
112,2010,,The Joneses,Independent,61,47,Temptation,Comedy,,,1.48,0.49,6.41,10,-3.59,64.10%,0.51,,,http://www.imdb.com/title/tt1285309/,
113,2010,,The Karate Kid,Sony,66,75,Underdog,Action,3663,15197,176.59,182.53,359.13,40,319.13,897.83%,55.7,,,,
114,2010,,The Kids Are All Right,Independent,94,72,Comedy,Comedy,847,4162,20.81,8.55,29.37,4,25.37,734.25%,3.5,,,,
115,2010,,The Killer Inside Me,Independent,56,41,The Riddle,Crime,,,0.22,3.36,3.58,13,-9.42,27.54%,11.1,,,,
116,2010,,The King's Speech,Independent,95,93,Maturation,Biography,700,6406,,,245.2,15,230.2,1634.67%,4.4,"Best Picture, Director, Actor, Orig. Screenplay",,,
117,2010,,The Last Airbender,Paramount,6,42,Quest,Action,3169,12725,131.77,187.35,319.12,150,169.12,212.75%,40.3,,,,
118,2010,,The Last Exorcism,Independent,73,32,Monster Force,Drama,2874,7087,41.03,25.42,66.46,1.8,64.66,3692.22%,20.4,,,,
119,2010,,The Last Song,Disney,19,66,Discovery,Drama,2673,5989,62.95,26.09,89.04,20,69.04,445.20%,16,,,,
120,2010,,The Losers,Warner Bros.,47,55,Revenge,Action,2936,3204,23.59,5.79,29.38,25,4.38,117.52%,9.4,,,,
121,2010,,The Next Three Days,Lionsgate,51,66,Rescue,Crime,2564,2552,21.15,20.6,41.75,30,11.75,139.17%,6.54,,,,
122,2010,,The Other Guys,Sony,78,57,Comedy,Action,3651,9735,119.22,51.05,170.27,100,70.27,170.27%,35.5,,,,
123,2010,,The Runaways,Independent,68,56,Maturation,Biography,244,3300,3.57,1.11,4.68,10,-5.32,46.80%,0.8,,,,
124,2010,,The Social Network,Sony,96,89,Rags To Riches,Biography,2771,8100,94.08,105.52,199.6,50,149.6,399.20%,22.4,,,,
125,2010,,The Sorcerer's Apprentice,Disney,42,57,Pursuit,Action,3504,5028,63.15,152.13,215.28,150,65.28,143.52%,17.6,,,,
126,2010,y,The Spy Next Door,Relativity Media,13,46,Rivalry,Action,2924,3326,24.31,19.27,43.58,,43.58,,9.7,,,,
127,2010,,The Switch,Independent,52,44,Comedy,Comedy,2012,4193,27.78,19.95,47.73,19,28.73,251.21%,8.4,,,,
128,2010,,The Tourist,Sony,20,44,,Action,2756,5977,67,210,278.34,100,178.34,278.34%,16,,,,
129,2010,,The Town,Warner Bros.,94,83,Rivalry,Crime,2856,8322,92.18,52.37,144.55,37,107.55,390.68%,23.8,,,,
130,2010,,"The Twilight Saga: Eclipse ",Summit,50,74,Monster Force,Drama,4468,14510,300.53,393.05,693.58,68,625.58,1019.97%,64.8,,,,
131,2010,,The Wolfman,Universal,33,38,Monster Force,Drama,3222,9770,61.98,77.81,139.79,150,-10.21,93.19%,31.5,,,,
132,2010,y,Tooth Fairy,Fox,16,46,Comedy,Comedy,3344,4190,60.02,52.34,112.36,48,64.36,234.08%,14,,,,
133,2010,,Toy Story 3,Disney,99,91,Rescue,Animation,4028,27385,415,648.16,1063.16,200,863.16,531.58%,110.3,,,,
134,2010,,Tron: Legacy,Independent,50,67,Fish Out Of Water,Action,3451,12578,148.21,143.2,291.41,170,121.41,171.42%,44.03,,,,
135,2010,,True Grit,Paramount,96,86,Quest,Action,3047,8149,171,79,250.93,38,212.93,660.34%,24,,,,
136,2010,,Unstoppable,Fox,86,73,Rescue,Action,3207,7075,80.02,66,146.02,100,46.02,146.02%,22.69,,,,
137,2010,,Valentine's Day,Warner Bros.,17,54,Love,Comedy,3655,15351,110.49,106,216.49,52,164.49,416.33%,56.2,,,,
138,2010,,Vampires Suck,Independent,4,32,Comedy,Comedy,3233,3774,36.66,43.32,79.98,20,59.98,399.90%,12.2,,,,
139,2010,,Wall Street: Money Never Sleeps,Independent,54,43,Rivalry,Drama,3565,5333,52.47,78.16,130.63,70,60.63,186.61%,19,,,,
140,2010,y,When in Rome,Disney,15,44,Love,Comedy,2456,5029,32.68,10.36,43.04,,43.04,,12.3,,,,
141,2010,,Why Did I Get Married Too?,Lionsgate,27,67,Comedy,Comedy,2155,13591,60.09,0.58,60.67,20,40.67,303.35%,29.3,,,,
142,2010,,Winter's Bone,Independent,94,73,Quest,Drama,?,,6.25,1.54,7.8,2,5.8,390.00%,0.8,,,,
143,2010,,Yogi Bear,,14,36,Comedy,Comedy,3515,4669,100,101,201.58,80,121.58,251.98%,16.4,,,http://boxofficemojo.com/movies/?id=yogibear.htm,
144,2010,,You Again,Independent,18,45,Comedy,Comedy,2548,3300,25.7,6.16,31.86,20,11.86,159.30%,8.4,,,,
145,2010,,You Will Meet a Tall Dark Stranger,Independent,43,35,Love,Comedy,402,,3.24,23.42,26.66,22,4.66,121.18%,0.16,,,,
146,2010,,Youth in Revolt,The Weinstein Company,68,52,Love,Comedy,1873,3678,15.28,4.34,19.62,18,1.62,109.00%,6.9,,,,
147,2011,,The Tree Of Life,Independant,84,61,Discovery,Drama,4,93230,13.3,41,54.3,32,22.3,169.70%,0.37,,,http://boxofficemojo.com/movies/?id=treeoflife.htm,
148,2011,,Midnight in Paris,Sony,93,84,Love,Romance,944,61777,56.18,83,139.18,17,122.18,818.69%,5.83,,,http://boxofficemojo.com/movies/?id=midnightinparis.htm,
149,2011,,The Descendants,20th Century Fox,89,88,Discovery,Drama,29,41038,24.54,?,24.54,20,4.54,122.71%,4.38,,,http://www.timryansreelhawaii.com/?p=2387,
150,2011,,Harry Potter and the Deathly Hallows Part 2,Warner Bros,96,92,Rivalry,Adventure,4375,38672,381.01,947.1,1328.11,125,1203.11,1062.49%,169.19,,,http://boxofficemojo.com/movies/?id=harrypotter72.htm,
151,2011,,Twilight: Breaking Dawn,Independant,26,68,Love,Romance,4061,34012,260.8,374,634.8,110,524.8,577.09%,138.12,,,http://boxofficemojo.com/movies/?id=breakingdawn.htm,
152,2011,,Transformers: Dark of the Moon,DreamWorks Pictures,35,67,Quest,Action,4088,23937,352.39,770.81,1123.2,195,928.2,576.00%,97.85,,,http://boxofficemojo.com/movies/?id=transformers3.htm,
153,2011,,The Hangover Part II,Legendary Pictures,35,58,Comedy,Comedy,3615,23775,254.46,327,581.46,80,501.46,726.83%,85.95,,,http://boxofficemojo.com/movies/?id=hangover2.htm,
154,2011,,Fast Five,Universal,78,83,Escape,Action,3644,23655,209.83,416.3,626.13,125,501.13,5.01,,,,,
155,2011,,"Pirates of the Caribbean:
On Stranger Tides",Disney,34,61,Quest,Action,4155,21697,241.07,802.8,1043.87,250,793.87,417.55%,90.15,,,http://boxofficemojo.com/movies/?id=piratesofthecaribbean4.htm,
156,2011,,Captain America: The First Avenger,Disney,78,75,Metamorphosis,Action,3715,17512,176.65,191.75,368.4,140,228.4,263.15%,65.06,,,http://boxofficemojo.com/movies/?id=captainamerica.htm,
157,2011,,Thor,Disney,77,80,Monster Force,Action,3955,16618,181.03,267.48,448.51,150,298.51,299.01%,65.72,,,http://boxofficemojo.com/movies/?id=thor.htm,
158,2011,,Cars 2,Pixar,38,56,Fish Out Of Water,Animation,4115,16072,191.45,360.4,551.85,200,351.85,275.93%,66.14,,,http://boxofficemojo.com/movies/?id=cars2.htm,
159,2011,,Paranormal Activity 3,Independant,68,58,Monster Force,Horror,3321,15829,103.66,98.24,201.9,5,196.9,4037.94%,52.57,,,http://boxofficemojo.com/movies/?id=paranormalactivity3.htm,
160,2011,,X-Men: First Class,Disney,87,88,Monster Force,Action,3641,15134,146.41,207.22,353.62,160,193.62,221.01%,55.1,,,http://boxofficemojo.com/movies/?id=xmenfirstclass.htm,
161,2011,,Rise of the Planet of the Apes,20th Century Fox,83,87,Revenge,Action,3648,15024,176.7,304.52,481.23,93,388.23,517.45%,54.81,,,http://boxofficemojo.com/movies/?id=riseoftheapes.htm,
162,2011,,Green Lantern,Warner Bros,27,48,Metamorphosis,Action,3816,13935,116.6,103.25,219.85,200,19.85,109.93%,53.17,,,http://boxofficemojo.com/movies/?id=greenlantern.htm,
163,2011,,Kung Fu Panda 2,DreamWorks Animation,82,80,Rivalry,Animation,3925,12142,165.25,497.78,663.02,150,513.02,442.02%,47.66,,,http://boxofficemojo.com/movies/?id=kungfupanda2.htm,
164,2011,,Super 8 ,Paramount,82,78,Monster Force,Horror,3379,10492,127,132.71,259.71,50,209.71,519.43%,35.45,,,http://boxofficemojo.com/movies/?id=super8.htm,
165,2011,,Hop,Relativity Media,26,50,Fish Out Of Water,Animation,3579,10490,108.09,75.87,183.95,63,120.95,291.99%,37.54,,,http://boxofficemojo.com/movies/?id=ihop.htm,
166,2011,,The Smurfs,Sony Pictures Animation,23,50,Fish Out Of Water,Animation,3395,10489,142.61,419.54,562.16,110,452.16,511.05%,35.61,,,http://boxofficemojo.com/movies/?id=smurfs.htm,
167,2011,,Battle: Los Angeles,Relativity Media,35,50,Monster Force,Action,3417,10411,83.55,128.27,211.82,70,141.82,302.60%,35.57,,,http://boxofficemojo.com/movies/?id=battlelosangeles.htm,
168,2011,,Bad Teacher,Independant,44,38,Comedy,Comedy,3049,10365,100.29,115.9,216.2,20,196.2,1080.98%,31.6,,,http://boxofficemojo.com/movies/?id=badteacher.htm,
169,2011,,Immortals,Relativity Media,36,59,Revenge,Action,3112,10349,80.49,102,182.49,75,107.49,243.31%,32.21,,,http://boxofficemojo.com/movies/?id=warofgods.htm,
170,2011,,The Help,DreamWorks Pictures,75,91,Maturation,Drama,2534,10278,169.22,30.1,199.32,25,174.32,797.30%,26.04,,,http://boxofficemojo.com/movies/?id=help2011.htm,
171,2011,,Rio,20th Century Fox,71,73,Quest,Animation,3826,10252,143.62,341.02,484.63,90,394.63,538.48%,39.23,,,http://boxofficemojo.com/movies/?id=rio.htm,
172,2011,,Rango,Paramount,88,69,Fish Out Of Water,Animation,3917,9722,123.26,121.9,245.15,135,110.15,181.60%,38.08,,,http://boxofficemojo.com/movies/?id=rango.htm,
173,2011,,Cowboys and Aliens,Universal,44,50,Monster Force,Action,3750,9715,100.24,74.58,174.82,163,11.82,107.25%,36.43,,,http://boxofficemojo.com/movies/?id=cowboysandaliens.htm,
174,2011,,The Green Hornet,Columbia,44,47,Rivalry,Action,3584,9335,98.8,129,227.8,120,107.8,189.83%,33.5,,,http://boxofficemojo.com/movies/?id=greenhornet.htm,
175,2011,,Horrible Bosses,Warner Bros,69,72,Revenge,Comedy,3040,9310,117.54,92.1,209.64,35,174.64,598.97%,28.3,,,http://boxofficemojo.com/movies/?id=horriblebosses.htm,
176,2011,,Bridesmaids,Relativity Media,90,77,Rivalry,Comedy,2918,8995,169.11,119.28,288.38,32.5,255.88,887.33%,26.25,,,http://boxofficemojo.com/movies/?id=wiigapatow.htm,
177,2011,,Hugo,Paramount,93,84,,Adventure,1277,8899,,,,,0,,11.36,,,,
178,2011,,Puss In Boots,DreamWorks,83,76,Quest,Animation,3952,8623,142.09,142.3,284.39,130,154.39,218.76%,34.08,,,http://boxofficemojo.com/movies/?id=pussinboots12.htm,
179,2011,,Just Go With It,Happy Madison,19,63,Comedy,Romance,3548,8601,103.03,111.92,214.95,80,134.95,268.68%,30.51,,,http://boxofficemojo.com/movies/?id=thepretendwife.htm,
180,2011,,The Muppets,Disney,97,87,Quest,Comedy,3440,8500,66.63,5.8,72.43,45,27.43,160.95%,29.24,,,http://boxofficemojo.com/movies/?id=themuppets.htm,
181,2011,,Gnomeo and Juliet,Disney,56,52,Love,Animation,2994,8469,99.97,94,193.97,36,157.97,538.80%,25.36,,,http://www.imdb.com/title/tt0377981/,
182,2011,,Real Steel,DreamWorks Pictures,58,81,Underdog,Action,3440,7942,83.61,186.2,269.81,110,159.81,245.28%,27.32,,,http://latimesblogs.latimes.com/entertainmentnewsbuzz/2011/10/movie-projector-real-steel-ides-of-march.html,
183,2011,,Diary of a Wimpy Kid 2: Rodrick Rules,20th Century Fox,47,63,Comedy,Comedy,3167,7500,52.7,19.72,72.42,21,51.42,344.84%,23.75,,,http://boxofficemojo.com/movies/?id=diaryofawimpykid2.htm,
184,2011,,The Adjustment Bureau,Independant,72,67,Sacrifice,Thriller,2840,7450,62.5,65.37,127.87,50.2,77.67,254.72%,21.16,,,http://boxofficemojo.com/movies/?id=adjustmentbureau.htm,
185,2011,,Jack and Jill,Happy Madison,4,59,Comedy,Comedy,3438,7273,68.91,15,83.91,79,4.91,106.22%,25,,,http://boxofficemojo.com/movies/?id=jackandjill.htm,
186,2011,,Unknown,Independant,55,57,The Riddle,Thriller,3043,7183,63.69,67.1,130.79,30,100.79,435.95%,21.86,,,http://boxofficemojo.com/movies/?id=unknownwhitemale11.htm,
187,2011,,My Week with Marilyn,The Weinstein Company,83,84,Love,Drama,247,7174,5.31,2.95,8.26,10,-1.74,82.58%,1.75,,,http://latimesblogs.latimes.com/entertainmentnewsbuzz/2011/11/muppets-arthur-christmas-hugo-box-office.html,
188,2011,,Tower Heist,Relativity,68,61,Revenge,Comedy,3367,7135,74.5,47,121.5,75,46.5,162.01%,24.03,,,http://boxofficemojo.com/movies/?id=towerheist.htm,
189,2011,,Contagion,Warner Bros,84,63,The Riddle,Thriller,3222,6935,75.64,59.8,135.44,60,75.44,225.74%,22.4,,,http://boxofficemojo.com/movies/?id=contagion.htm,
190,2011,,Limitless,Virgin,69,73,Wretched Excess,Thriller,2756,6860,79.25,82.6,161.85,27,134.85,599.44%,18.91,,,http://boxofficemojo.com/movies/?id=darkfields.htm,
191,2011,,Moneyball,Columbia,95,89,Underdog,Drama,2993,6516,74.21,27.9,102.11,50,52.11,204.22%,19.5,,,http://boxofficemojo.com/movies/?id=moneyball.htm,
192,2011,,No Strings Attached,Spyglass Entertainment,49,57,Comedy,Comedy,3018,6512,70.6,77.1,147.7,25,122.7,590.80%,19.7,,,http://boxofficemojo.com/movies/?id=friendswithbenefits.htm,
193,2011,,Friends With Benefits,Warner Bros,71,68,Temptation,Romance,2926,6364,55.8,93.74,149.54,35,114.54,427.26%,18.62,,,http://boxofficemojo.com/movies/?id=friendswithbenefits10.htm,
194,2011,,"Crazy, Stupid, Love",Warner Bros,78,81,Discovery,Romance,3020,6326,84.34,58.5,142.84,50,92.84,285.68%,19.1,,,http://boxofficemojo.com/movies/?id=crazystupidlove.htm,
195,2011,,Sucker Punch,Legendary Pictures,23,48,Quest,Action,3033,6284,36.39,53.4,89.79,82,7.79,109.50%,19.06,,,http://boxofficemojo.com/movies/?id=suckerpunch.htm,
196,2011,,I Am Number Four,Paramount,32,57,Maturation,Thriller,3154,6167,55.1,89.4,144.5,60,84.5,240.83%,19.45,,,http://boxofficemojo.com/movies/?id=iamnumberfour.htm,
197,2011,,The Company Men,Weinstein Company,66,55,Discovery,Drama,106,6111,4.4,0.4,4.8,15,-10.2,32.00%,0.6,,,http://boxofficemojo.com/movies/?id=companymen.htm,
198,2011,,The Dilemma,Spyglass Entertainment,23,31,Comedy,Comedy,2940,6060,48.5,21.2,69.7,70,-0.3,99.57%,17.8,,,http://boxofficemojo.com/movies/?id=howardvaughnjames.htm,
199,2011,,Water For Elephants,20th Century Fox,60,72,Love,Drama,2817,5979,58.71,58.39,117.09,38,79.09,308.14%,16.84,,,http://boxofficemojo.com/movies/?id=waterforelephants.htm,
200,2011,,The Roommate,Independant,4,29,Monster Force,Horror,2534,5921,37.3,3.19,40.49,16,24.49,253.08%,15,,,http://boxofficemojo.com/movies/?id=roommate10.htm,
201,2011,,Happy Feet 2,Village Roadshow Pictures,41,59,Journey And Return,Animation,3606,5889,57.31,49.2,106.51,135,-28.49,78.89%,21.24,,,http://boxofficemojo.com/movies/?id=happyfeet2.htm,
202,2011,,J.Edgar,Warner Bros,42,84,Wretched Excess,Drama,1910,5873,35.06,??,35.06,35,0.06,100.16%,11.22,,,http://boxofficemojo.com/movies/?id=jedgar.htm,
203,2011,,Zookeeper,Happy Madison Productions,14,42,Comedy,Comedy,3482,5763,80.36,89.94,170.3,80,90.3,212.88%,20.07,,,http://boxofficemojo.com/movies/?id=zookeeper.htm,
204,2011,,Final Destination 5,New Line Cinema,61,56,Monster Force,Horror,3155,5715,42.59,115.3,157.89,40,117.89,394.72%,18.03,,,http://boxofficemojo.com/movies/?id=finaldestination5.htm,
205,2011,,Scream 4,Weinstein Company,58,57,Monster Force,Horror,3305,5656,38.18,58.96,97.14,40,57.14,242.84%,18.69,,,http://boxofficemojo.com/movies/?id=scream4.htm,
206,2011,,Mr. Popper's Penguins,20th Century Fox,47,54,Discovery,Comedy,3339,5524,68.22,119.14,187.36,55,132.36,340.65%,18.45,,,http://boxofficemojo.com/movies/?id=mrpopperspenguins.htm,
207,2011,,Insidious,Sony,67,65,Monster Force,Horror,2408,5511,54.01,43,97.01,1.5,95.51,6467.27%,13.27,,,http://boxofficemojo.com/movies/?id=insidious.htm,
208,2011,,Dolphin Tale,Independant,84,81,Quest,Drama,3507,5461,71.08,16.86,87.95,37,50.95,237.69%,19.15,,,http://boxofficemojo.com/movies/?id=dolphintale.htm,
209,2011,,The Debt,Universal,76,70,Pursuit,Thriller,1826,5427,31.18,14.25,45.43,20,25.43,227.15%,9.91,,,http://boxofficemojo.com/movies/?id=debt.htm,
210,2011,,Beastly,CBS Films,19,50,Metamorphosis,Romance,1952,5047,27.87,0.97,28.83,17,11.83,169.61%,9.85,,,http://boxofficemojo.com/movies/?id=beastly.htm,
211,2011,,Source Code,Summit Entertainment,92,81,The Riddle,Thriller,2961,5002,54.71,68.57,123.28,32,91.28,385.24%,14.81,,,http://boxofficemojo.com/movies/?id=sourcecode.htm,
212,2011,,The Conspirator,Independant,56,65,Underdog,Drama,707,4960,11.54,2.67,14.21,25,-10.79,56.84%,3.51,,,http://boxofficemojo.com/movies/?id=conspirator.htm,
213,2011,,The Rite,Warner Bros,20,43,Monster Force,Horror,2985,4955,33,63,96,37,59,259.46%,14.8,,,http://boxofficemojo.com/movies/?id=rite.htm ,
214,2011,,The Beaver,Summit Entertainment,62,57,Transformation,Drama,22,4890,0.97,5.4,6.37,21,-14.63,30.33%,0.11,,,http://boxofficemojo.com/movies/?id=beaver.htm,
215,2011,,Hanna,Universal,71,67,Quest,Action,2535,4880,40.26,23.52,63.78,30,33.78,212.60%,12.37,,,http://boxofficemojo.com/movies/?id=hanna.htm,
216,2011,,The Lincoln Lawyer,Lionsgate,84,82,Fish Out Of Water,Drama,2707,4879,58.01,17,75.01,40,35.01,187.52%,13.21,,,http://boxofficemojo.com/movies/?id=lincolnlawyer.htm,
217,2011,,Something Borrowed,Independant,14,49,Love,Romance,2904,4802,39.05,21.14,60.18,35,25.18,171.95%,13.95,,,http://boxofficemojo.com/movies/?id=somethingborrowed.htm,
218,2011,,Soul Surfer,Sony,46,79,Underdog,Drama,2214,4789,43.85,0.41,44.27,18,26.27,245.93%,10.6,,,http://boxofficemojo.com/movies/?id=soulsurfer.htm,
219,2011,,The Ides of March,Columbia,85,76,Transformation,Thriller,2199,4761,40.49,13.7,54.19,12.5,41.69,433.55%,10.47,,,http://latimesblogs.latimes.com/entertainmentnewsbuzz/2011/10/movie-projector-real-steel-ides-of-march.html,
220,2011,,Footloose,Spyglass Entertainment,71,71,Transformation,Drama,2199,4761,51.16,10.9,62.05,24,38.05,258.55%,15.56,,,http://boxofficemojo.com/movies/?id=footloose2010.htm,
221,2011,,Paul,Relativity,72,70,Comedy,Comedy,2802,4655,37.41,60.57,97.98,40,57.98,244.96%,13.04,,,http://boxofficemojo.com/movies/?id=paul.htm,
222,2011,,The Change Up,Relativity Media,24,53,Metamorphosis,Comedy,2913,4645,37.08,33.75,70.83,52,18.83,136.22%,13.53,,,http://boxofficemojo.com/movies/?id=changeup.htm,
223,2011,,Red Riding Hood,Warner Bros,11,41,Monster Force,Horror,3030,4622,37.66,51.5,89.16,42,47.16,212.29%,14.01,,,http://boxofficemojo.com/movies/?id=redridinghood.htm,
224,2011,,30 Minutes or Less,Independant,43,48,Comedy,Comedy,2888,4616,37.05,3.49,40.55,28,12.55,144.81%,13.33,,,http://boxofficemojo.com/movies/?id=30minutesorless.htm,
225,2011,,Hall Pass,Warner Bros,35,44,Temptation,Comedy,2950,4588,45.06,38.1,83.16,36,47.16,231.00%,13.54,,,http://boxofficemojo.com/movies/?id=hallpass.htm,
226,2011,,A Very Harold and Kumar Christmas,Lionsgate,72,71,Comedy,Comedy,2875,4506,34.04,??,34.04,19,15.04,179.18%,12.95,,,http://boxofficemojo.com/movies/?id=haroldandkumar3.htm,
227,2011,,Larry Crowne,Universal,34,46,Discovery,Drama,2973,4405,35.61,16.8,52.41,30,22.41,174.69%,13.1,,,http://boxofficemojo.com/movies/?id=larrycrowne.htm,
228,2011,,The Mechanic,Independant,53,52,Revenge,Action,2703,4226,29.2,22,51.2,40,11.2,128.00%,11.4,,,http://boxofficemojo.com/movies/?id=mechanic.htm,
229,2011,,Colombiana,Sony,28,55,Revenge,Action,2614,3982,36.67,24.3,60.97,40,20.97,152.41%,10.41,,,http://boxofficemojo.com/movies/?id=colombiana.htm,
230,2011,,Drive,Independant,93,79,Rivalry,Thriller,2886,3929,34.68,32.33,67.01,15,52.01,446.71%,11.34,,,http://boxofficemojo.com/movies/?id=drive2011.htm,
231,2011,,In Time,Regency Enterprises,38,55,The Riddle,Thriller,3122,3860,36.49,90.9,127.39,40,87.39,318.48%,12.05,,,http://boxofficemojo.com/movies/?id=now.htm,
232,2011,,Anonymous,Relativity Media,46,66,Tragedy,Drama,265,3856,4.46,9.73,14.19,30,-15.81,47.30%,1.02,,,http://boxofficemojo.com/movies/?id=anonymous.htm,
233,2011,,The Eagle,Universal,39,43,Quest,Action,2296,3782,19.49,7.63,27.12,25,2.12,108.48%,8.68,,,http://boxofficemojo.com/movies/?id=eagleoftheninth.htm,
234,2011,,Season Of The Witch,Relativity ,10,32,Monster Force,Action,2816,3769,24.8,66.8,91.6,40,51.6,229.00%,12,,,http://boxofficemojo.com/movies/?page=main&id=seasonofthewitch.htm,
235,2011,,Arthur,Warner Bros,26,49,Sacrifice,Comedy,3276,3731,33.04,12.7,45.74,40,5.74,114.34%,12.22,,,http://boxofficemojo.com/movies/?id=arthur2011.htm,
236,2011,,Arthur Christmas,Aardman Animations,92,82,Journey And Return,Animation,3376,3537,33.7,57.5,91.2,150,-58.8,60.80%,12.07,,,http://latimesblogs.latimes.com/entertainmentnewsbuzz/2011/11/muppets-arthur-christmas-hugo-box-office.html,
237,2011,,Spy Kids: All The Time in the World,Weinstein Company,22,40,Quest,Action,3295,3534,38.54,35.54,74.08,27,47.08,274.37%,11.64,,,http://boxofficemojo.com/movies/?id=spykids4.htm,
238,2011,,50/50,Independant,93,93,Discovery,Comedy,2458,3517,34.9,1.62,36.51,8,28.51,456.39%,8.64,,,http://boxofficemojo.com/movies/?id=50fifty.htm,
239,2011,,Abduction,Vertigo Entertainment,4,46,Maturation,Action,3118,3504,28.07,54,82.07,35,47.07,234.48%,10.93,,,http://boxofficemojo.com/movies/?id=abduction11.htm,
240,2011,,Sanctum,Relativity Media,30,39,Quest,Action,2787,3390,23.2,85.4,108.6,30,78.6,362.00%,9.4,,,http://boxofficemojo.com/movies/?id=sanctum.htm,
241,2011,,Your Highness,Universal,26,36,Comedy,Comedy,2769,3380,21.6,3.26,24.86,49.9,-25.04,49.81%,9.36,,,http://boxofficemojo.com/movies/?id=yourhighness.htm,
242,2011,,Conan the Barbarian,Lionsgate,22,34,Quest,Action,3015,3324,21.3,27.5,48.8,90,-41.2,54.22%,10.02,,,http://boxofficemojo.com/movies/?id=conan3d.htm,
243,2011,,Winnie The Pooh,Disney,91,79,Quest,Animation,2405,3267,26.69,6.46,33.15,30,3.15,110.51%,7.86,,,http://boxofficemojo.com/movies/?id=winniethepooh.htm,
244,2011,,Killer Elite,Independant,25,48,Rivalry,Action,2986,3132,25.12,27.84,52.96,70,-17.04,75.66%,9.35,,,http://boxofficemojo.com/movies/?id=killerelite.htm,
245,2011,,Don't Be Afraid Of The Dark,Miramax Films,59,37,Monster Force,Horror,2760,3089,24.05,7.5,31.55,25,6.55,126.18%,8.53,,,http://boxofficemojo.com/movies/?id=dontbeafraidofthedark.htm,
246,2011,,Dream House,Morgan Creek Productions,7,38,The Riddle,Horror,2661,3055,21.3,17.2,38.5,50,-11.5,77.00%,8.13,,,http://boxofficemojo.com/movies/?id=dreamhouse.htm,
247,2011,,Monte Carlo,20th Century Fox,38,50,Love,Romance,2473,3014,23.18,16.48,39.66,20,19.66,198.32%,7.45,,,http://boxofficemojo.com/movies/?id=montecarlo.htm,
248,2011,,Shark Night 3D,Relativity,16,25,Escape,Horror,2806,2995,18.88,19.83,38.7,25,13.7,154.81%,8.4,,,http://boxofficemojo.com/movies/?id=shark3d.htm,
249,2011,,Waiting For Forever,Independant,6,53,Love,Romance,3,2972,0.03,?,0.03,5,-4.97,0.50%,0.01,,,http://boxofficemojo.com/movies/?id=waitingforforever.htm,
250,2011,,One Day,Independant,37,54,Love,Romance,1719,2955,13.84,41.4,55.24,15,40.24,368.27%,5.08,,,http://boxofficemojo.com/movies/?id=oneday.htm,
251,2011,,The Three Musketeers,Independant,24,48,Rivalry,Action,3017,2875,20.25,111.9,132.15,75,57.15,176.20%,8.67,,,http://boxofficemojo.com/movies/?id=threemusketeers11.htm,
252,2011,,The Thing,Universal,36,52,Monster Force,Horror,2996,2835,16.93,10.5,27.43,38,-10.57,72.18%,8.49,,,http://boxofficemojo.com/movies/?id=thing11.htm,
253,2011,,Warrior,Lionsgate,83,93,Rivalry,Action,1869,2805,13.66,9.4,23.06,25,-1.94,92.23%,5.24,,,http://boxofficemojo.com/movies/?id=warrior10.htm,
254,2011,,Our Idiot Brother,The Weinstein Company,68,79,Comedy,Comedy,2555,2744,24.82,??,24.82,5,19.82,496.32%,,,,http://boxofficemojo.com/movies/?id=ouridiotbrother.htm,
255,2011,,Apollo 18,Weinstein Company,23,31,Monster Force,Horror,3328,2615,17.69,7.88,25.56,5,20.56,511.24%,8.7,,,http://boxofficemojo.com/movies/?id=apollo18.htm,
256,2011,,Fright Night,DreamWorks,75,68,Rivalry,Horror,3114,2477,18.3,18.8,37.1,30,7.1,123.67%,7.71,,,http://boxofficemojo.com/movies/?id=frightnight2011.htm,
257,2011,,Johnny English Reborn,Relativity Media,38,55,Comedy,Comedy,1552,2470,8.31,149.63,157.94,45,112.94,350.98%,3.83,,,http://boxofficemojo.com/movies/?id=johnnyenglish2.htm,
258,2011,,Drive Angry,Independant,45,38,Rescue,Action,2990,2265,10.72,18.21,28.93,45,-16.07,64.29%,5.19,,,http://latimesblogs.latimes.com/entertainmentnewsbuzz/2011/02/movie-projector-hall-pass-farrelly-brothers-drive-angry-nicolas-cage.html,
259,2011,,The Rum Diary,Independant,50,48,Discovery,Drama,2273,2259,13.07,8.48,21.55,45,-23.45,47.89%,5.14,,,http://boxofficemojo.com/movies/?id=rumdiary.htm,
260,2011,,Priest,Sony,17,37,Monster Force,Action,2864,2221,29.14,49.17,78.31,60,18.31,130.51%,14.95,,,http://boxofficemojo.com/movies/?id=priest07.htm,
261,2011,,Mars Needs Moms,Disney,36,43,Rescue,Animation,3117,2218,21.39,17.6,38.99,150,-111.01,25.99%,6.91,,,http://boxofficemojo.com/movies/?id=marsneedsmoms.htm,
262,2011,,What's Your Number,20th Centruy Fox,24,50,Transformation,Comedy,3002,1806,14.01,16.42,30.43,20,10.43,152.13%,5.42,,,http://boxofficemojo.com/movies/?id=whatsyournumber.htm,
263,2011,,Take Me Home Tonight,Relativity,28,46,Discovery,Comedy,2003,1730,6.93,?,6.93,25,-18.07,27.71%,3.46,,,http://goforamovie.com/tag/take-me-home-tonight-budget/,
264,2011,,The Big Year,Independant,38,62,Transformation,Comedy,2150,1513,7.17,0.24,7.41,41,-33.59,18.07%,3.25,,,http://boxofficemojo.com/movies/?id=bigyear.htm,
265,2011,,Never Back Down 2: The Beatdown,Sony,,43,Rivalry,Action,,,,,41.63,3,38.63,1387.57%,8.6,,,http://www.imdb.com/title/tt1754264/,
266,2011,,A Dangerous Method,Independant,79,89,Love,Drama,,,0.54,8.44,8.97,20,-11.03,44.86%,0.17,,,http://boxofficemojo.com/movies/?id=dangerousmethod.htm,
267,2011,,Take Shelter,Independant,92,85,Sacrifice,Drama,,,1.57,?,1.57,5,-3.43,31.46%,0.05,,,http://boxofficemojo.com/movies/?id=takeshelter.htm,
268,2011,,Beginners,Independant,84,80,Love,Comedy,,,5.79,8.39,14.18,3.2,10.98,443.19%,0.14,,,http://boxofficemojo.com/movies/?id=beginners.htm,
269,2011,,Jane Eyre,Universal,85,77,Love,Romance,,,11.24,18.91,30.15,,30.15,#VALUE!,0.18,,,,
270,2011,,Another Earth,Independant,63,74,Temptation,Adventure,,,1.32,,1.32,0.2,1.12,660.50%,0.08,,,http://boxofficemojo.com/movies/?id=anotherearth.htm,
271,2011,,Margin Call,Independant,86,73,Sacrifice,Thriller,,,4.94,3.93,8.87,3.5,5.37,253.40%,0.56,,,http://boxofficemojo.com/movies/?id=margincall.htm,
272,2011,,Machine Gun Preacher,Lionsgate,29,71,Transformation,Action,,,0.54,0.57,1.1,30,-28.9,3.68%,0.05,,,http://boxofficemojo.com/movies/?id=machinegunpreacher.htm,
273,2011,,Hesher,Independant,54,68,Wretched Excess,Drama,,,0.38,??,0.38,7,-6.62,5.46%,0.13,,,http://boxofficemojo.com/movies/?id=hesher.htm,
274,2011,,Vanishing on 7th Street,Independant,52,62,Monster Force,Horror,,,0.02,1.05,1.07,10,-8.93,10.67%,0,,,http://en.wikipedia.org/wiki/Vanishing_on_7th_Street,
275,2011,,Cedar Rapids,20th Century Fox,86,61,Maturation,Comedy,,,6.86,,6.86,10,-3.14,68.61%,0.3,,,http://qctimes.com/news/local/article_b7491eb8-3d68-11e0-b394-001cc4c03286.html,
276,2011,,The Son Of No One,Independant,18,61,Discovery,Thriller,,,0.03,?,0.03,15,-14.97,0.20%,0.02,,,http://en.wikipedia.org/wiki/The_Son_of_No_One,
277,2011,,Red State,Independant,57,59,Escape,Horror,,,1.1,?,1.1,4,-2.9,27.60%,?,,,http://www.movieline.com/2011/04/how-kevin-smiths-red-state-earned-back-its-budget-six-months-before-release.php,
278,2011,,Everything Must Go,Reliance Entertainment,74,53,Discovery,Drama,,,2.71,,2.71,5,-2.29,54.22%,0.79,,,http://boxofficemojo.com/movies/?id=everythingmustgo.htm,
279,2011,,Dylan Dog: Dead of Night,Independant,6,28,Monster Force,Horror,,,1.19,3.45,4.63,20,-15.37,23.17%,0.75,,,http://boxofficemojo.com/movies/?id=dylandog.htm,
280,2011,,Trespass,Independant,11,24,Escape,Thriller,,,0.02,3.1,3.12,35,-31.88,8.93%,0.02,,,http://en.wikipedia.org/wiki/Trespass_%282011_film%29,
281,2007,,Juno,Fox,94,89,Maturation,Comedy,1019,10436,143.5,87.69,231.18,7.5,223.68,3082.46%,10.6,Original Screenplay,Original Screenplay,,
282,2007,,Saw IV,Independent,18,70,Escape,Horror,3183,9976,63.3,76.05,139.35,10,129.35,1393.53%,31.7,,,,
283,2007,,Waitress,Independent,89,67,Love,Romance,605,3327,19.07,3.1,22.18,2,20.18,1108.97%,2,,,,
284,2007,,Superbad,Sony,88,87,Comedy,Comedy,2948,11211,121.46,48.41,169.87,20,149.87,849.36%,33,,,,
285,2007,,The Simpsons Movie,Fox,90,78,Maturation,Comedy,3922,18877,183.14,343.93,527.07,75,452.07,702.76%,74,,,,
286,2007,,300,Warner Bros.,60,90,Sacrifice,Action,3103,22844,210.61,245.45,456.07,65,391.07,701.64%,70.9,,,,
287,2007,,The Game Plan,Disney,27,75,Discovery,Comedy,3103,7396,90.64,57.23,147.87,22,125.87,672.13%,22.9,,,,
288,2007,,Knocked Up,Universal,91,83,Love,Comedy,2871,10690,148.77,70.23,219,33,186,663.64%,30.7,,,,
289,2007,,No Country for Old Men,Paramount,95,84,Pursuit,Drama,860,9042,74.28,86.72,161,25,136,644.00%,7.8,"Best Picture, Director, Supporting Actor, Adapted Screenplay","Supporting Actor, Director",,
290,2007,,Harry Potter and the Order of the Phoenix,Warner Bros.,78,82,Quest,Adventure,4285,17998,292,647.88,939.88,150,789.88,626.59%,77.1,,,,
291,2007,,Disturbia,Paramount,67,75,Pursuit,Thriller,2925,7598,80.21,37.55,117.76,20,97.76,588.80%,22.2,,,,
292,2007,,Hitman,Fox,15,61,Quest,Action,2458,5362,39.69,60.28,99.96,17.5,82.46,571.22%,13.2,,,,
293,2007,,Stomp the Yard,Independent,27,83,Maturation,Romance,2051,10645,61.36,14.15,75.51,14,61.51,539.37%,21.9,,,,
294,2007,,Alvin and the Chipmunks,Fox,26,73,Comedy,Animation,3475,12750,217.33,143.14,360.47,70,290.47,514.95%,44.3,,,,
295,2007,,P.S. I Love You,Independent,21,82,Love,Romance,2454,2641,53.7,99.4,153.09,30,123.09,510.31%,6.5,,,,
296,2007,,Shrek the Third,Paramount,42,57,Quest,Animation,4122,29507,322.72,476.24,798.96,160,638.96,499.35%,121.6,,,,
297,2007,,Transformers,Paramount,57,89,Monster Force,Action,4011,17577,319.25,389.03,708.27,150,558.27,472.18%,70.5,,,,
298,2007,,Epic Movie,Independent,2,38,Comedy,Comedy,2801,6644,39.74,47.13,86.87,20,66.87,434.33%,18.6,,,,
299,2007,,Premonition,Sony,8,55,The Riddle,Drama,2831,6202,47.85,36.14,84,20,64,419.98%,17.6,,,,
300,2007,,Ratatouille,Disney,97,84,Transformation,Animation,3940,11935,206.45,414.98,621.42,150,471.42,414.28%,47,Animated,Animated,,
301,2007,,The Bourne Ultimatum,Universal,93,91,Pursuit,Thriller,3660,18929,227.47,215.35,442.82,110,332.82,402.57%,69.3,,,,
302,2007,,Enchanted,Disney,93,80,Love,Comedy,3730,9233,127.81,212.68,340.49,85,255.49,400.57%,34.4,,,,
303,2007,,Sicko,The Weinstein Company,93,87,Quest,Documentary,702,5128,24.54,11.23,35.77,9,26.77,397.42%,3.6,,,,
304,2007,,Halloween,The Weinstein Company,26,64,Pursuit,Horror,3472,7592,58.27,20.2,78.47,20,58.47,392.35%,26.4,,,,
305,2007,,I Am Legend,Warner Bros.,69,69,Quest,Thriller,3606,21411,256.39,327.76,584.16,150,434.16,389.44%,77.2,,,,
306,2007,,The Bucket List,Warner Bros.,41,81,Discovery,Drama,2911,6661,93.47,80.84,174.31,45,129.31,387.36%,19.4,,,,
307,2007,,Tyler Perry's Why Did I get Married,Independent,46,47,Love,Romance,2011,10618,55.2,0.66,55.86,15,40.86,372.42%,21.4,,,,
308,2007,,Michael Clayton,Independent,90,72,Transformation,Thriller,2511,4131,49.03,43.96,92.99,25,67.99,371.97%,10.4,Supporting Actress,Supporting Actress,,
309,2007,,Into the Wild,Paramount,82,90,Quest,Drama,658,3249,18.35,37.28,55.63,15,40.63,370.90%,2.1,,,,
310,2007,,Ocean's 13,Warner Bros.,70,74,Revenge,Thriller,3565,10135,117.15,194.16,311.31,85,226.31,366.25%,36.1,,,,
311,2007,,The Kite Runner,Paramount,66,85,Maturation,Drama,715,2243,15.8,57.39,73.19,20,53.19,365.97%,1.6,,,,
312,2007,,Music and Lyrics,Warner Bros.,63,70,Love,Romance,,,50.57,95.32,145.9,40,105.9,364.74%,13.6,,,,
313,2007,,Hostel: Part II,Lionsgate,44,45,Escape,Horror,2350,3490,17.61,18.01,35.62,10,25.62,356.20%,8.2,,,,
314,2007,,National Treasure: Book of Secrets,Disney,31,72,The Riddle,Thriller,3832,11686,219.96,237.4,457.36,130,327.36,351.82%,44.8,,,,
315,2007,,Live Free or Die Hard,Fox,79,86,Rescue,Action,3408,9791,134.53,249,383.53,110,273.53,348.66%,33.4,,,,
316,2007,,Spider-Man 3,Sony,61,54,Metamorphosis,Action,4252,35540,336.53,554.34,890.87,258,632.87,345.30%,151.1,,,,
317,2007,,Smokin' Aces,Universal,27,64,Pursuit,Action,2218,6599,35.79,21.32,57.1,17,40.1,335.91%,14.6,,,,
318,2007,y,No Reservations,,39,64,Love,Comedy,2425,4826,43.11,49.49,92.6,28,64.6,330.72%,11.7,,,,
319,2007,,Alien vs. Predator -- Requiem,Fox,14,37,Monster Force,Horror,2611,3853,41.8,87.09,128.88,40,88.88,322.21%,10,,,,
320,2007,,Pirates of the Caribbean: At World's End,Disney,45,74,Rescue,Action,4362,26302,309.42,651.58,961,300,661,320.33%,114.7,,,,
321,2007,,The Mist,The Weinstein Company,72,64,Monster Force,Horror,2423,3686,25.59,31.24,56.83,18,38.83,315.72%,8.9,,,,
322,2007,,Sweeney Todd: The Demon Barber of Fleet Street,Warner Bros.,86,81,Revenge,Horror,1249,7446,52.9,99.63,152.52,50,102.52,305.05%,9.3,,,,
323,2007,,There Will Be Blood,Paramount,91,84,Wretched Excess,Drama,885,5502,40.22,35.96,76.18,25,51.18,304.73%,4.9,Best Actor,Leading Actor,,
324,2007,,Daddy Day Camp,Sony,1,63,Comedy,Comedy,2332,1459,13.24,4.96,18.2,6,12.2,303.29%,3.4,,,,
325,2007,,Wild Hogs,Disney,14,72,Transformation,Comedy,3287,12077,168.27,85.35,253.63,90,163.63,281.81%,39.7,,,,
326,2007,,Mr. Magorium's Wonder Emporium,Independent,36,56,Transformation,Adventure,3164,3043,32.06,36.89,68.95,25,43.95,275.79%,6.9,,,,
327,2007,y,TMNT,,33,63,Monster Force,Action,3110,7799,54.15,40.86,95.01,35,60.01,271.46%,24.3,,,,
328,2007,,Hairspray,Warner Bros.,92,84,Underdog,Comedy,3121,8803,118.87,83.68,202.55,75,127.55,270.06%,27.5,,,,
329,2007,,American Gangster,Universal,79,87,Pursuit,Thriller,3054,14264,130.16,137.74,267.9,100,167.9,267.90%,43.6,,,,
330,2007,,Norbit,Paramount,9,56,Comedy,Comedy,3136,10904,95.67,63.64,159.31,60,99.31,265.52%,34.2,,,,
331,2007,,We Own the Night,Sony,55,63,Sacrifice,Drama,2362,4583,28.56,26.26,54.83,21,33.83,261.08%,10.8,,,,
332,2007,,The Hills Have Eyes 2,Independent,11,50,Monster Force,Horror,2447,3958,20.8,16.66,37.47,15,22.47,249.77%,9.7,,,,
333,2007,,Mr. Brooks,MGM,56,75,Temptation,Thriller,2453,4083,28.55,19.57,48.12,20,28.12,240.61%,10,,,,
334,2007,,Blades of Glory,Paramount,69,66,Rivalry,Comedy,3372,9790,118.59,27.11,145.71,61,84.71,238.87%,33,,,,
335,2007,y,Good Luck Chuck,,3,61,Love,Comedy,2612,5226,35.02,24.17,59.19,25,34.19,236.77%,13.7,,,,
336,2007,,The Nanny Diaries,The Weinstein Company,33,52,Discovery,Comedy,2629,2845,25.93,21.07,47,20,27,235.00%,7.5,,,,
337,2007,,30 Days of Night,Independent,50,57,Monster Force,Horror,2855,5587,39.57,35.53,75.1,32,43.1,234.67%,15.6,,,,
338,2007,,Fantastic Four: Rise of the Silver Surfer,Fox,35,55,Monster Force,Action,3959,14663,131.92,157.13,289.05,130,159.05,222.34%,58,,,,
339,2007,,I Now Pronounce You Chuck and Larry,Universal,13,73,Comedy,Comedy,3495,9795,120.06,65.99,186.05,85,101.05,218.89%,34.2,,,,
340,2007,,The Heartbreak Kid,Paramount,30,41,Love,Comedy,3229,4342,36.79,90.98,127.77,60,67.77,212.94%,14,,,,
341,2007,,Ghost Rider,Sony,28,56,Monster Force,Action,3619,12541,115.8,112.94,228.74,110,118.74,207.94%,45.3,,,,
342,2007,,The Golden Compass,Warner Bros.,42,55,Rescue,Action,3528,7308,70.11,302.13,372.23,180,192.23,206.80%,25.7,,,,
343,2007,,The Darjeeling Limited,Fox,67,79,Journey And Return,Drama,698,2523,11.9,23.02,34.92,17.5,17.42,199.53%,1.8,,,,
344,2007,,License to Wed,Warner Bros.,8,55,Love,Comedy,2604,4002,43.8,25.51,69.31,35,34.31,198.02%,10.4,,,,
345,2007,,Stardust,Paramount,76,86,Quest,Adventure,2540,3610,38.63,96.92,135.56,70,65.56,193.66%,9.16,,,,
346,2007,,Bee Movie,Paramount,52,57,Journey And Return,Animation,3928,9679,126.63,160.49,287.12,150,137.12,191.42%,38,,,,
347,2007,,Vacancy,Sony,55,46,Pursuit,Comedy,2551,2980,19.36,15.94,35.3,19,16.3,185.79%,7.6,,,,
348,2007,,Rush Hour 3,Warner Bros.,20,68,Rescue,Action,3778,12996,140.13,117.9,258.02,140,118.02,184.30%,49.1,,,,
349,2007,y,Lions for Lambs,,27,48,Quest,Drama,2215,3025,15,48.21,63.21,35,28.21,180.60%,6.7,,,,
350,2007,,In the Land of Women,Warner Bros.,43,72,Transformation,Comedy,2155,2186,11.05,6.51,17.56,10,7.56,175.62%,4.7,,,,
351,2007,,Surf's Up,Sony,78,64,Discovery,Animation,3528,5000,58.87,90.18,149.04,85,64.04,175.35%,17.6,,,,
352,2007,,Meet the Robinsons,Disney,66,75,Quest,Animation,3413,7361,97.82,71.51,169.33,100,69.33,169.33%,25.1,,,,
353,2007,,Charlie Wilson's War,Universal,82,73,Discovery,Biography,2575,3750,66.66,51.81,118.48,75,43.48,157.97%,9.6,,,,
354,2007,y,The Reaping,,9,53,Quest,Horror,2603,3851,25.13,37.64,62.77,40,22.77,156.93%,10,,,,
355,2007,,Shooter,Paramount,47,82,Pursuit,Action,2806,5175,47,48.69,95.7,61,34.7,156.88%,14.5,,,,
356,2007,,Nancy Drew,Independent,49,61,The Riddle,Thriller,2612,2615,25.61,5.05,30.67,20,10.67,153.33%,6.9,,,,
357,2007,,3:10 to Yuma,Lionsgate,88,85,Sacrifice,Action,2652,5292,53.61,16.17,69.78,50,19.78,139.56%,14,,,,
358,2007,,Beowulf,Paramount,71,52,Journey And Return,Action,3153,8726,82.2,114.07,196.26,150,46.26,130.84%,27.5,,,,
359,2007,,Zodiac,Paramount,89,73,Pursuit,Thriller,2362,5671,33.08,51.71,84.79,65,19.79,130.44%,13.4,,,,
360,2007,y,Pathfinder: Legend of the Ghost Warrior,,11,41,Rescue,Action,1720,2907,10.23,20.59,30.82,26,4.82,118.55%,5,,,,
361,2007,y,The Kingdom,,52,78,Quest,Action,2793,6135,47.54,39.07,86.61,80,6.61,108.26%,17.1,,,,
362,2007,,Next,Paramount,29,59,Pursuit,Thriller,2725,2617,18.21,55.33,73.54,70,3.54,105.06%,7.1,,,,
363,2007,y,The Brave One,,43,65,Rivalry,Action,2755,4889,36.79,32.99,69.79,70,-0.21,99.70%,13.5,,,,
364,2007,,Evan Almighty,Universal,23,56,Comedy,Comedy,3604,8654,100.46,72.93,173.39,175,-1.61,99.08%,31.2,,,,
365,2007,,Dragon Wars (aka D-War),Mediaplex,27,44,Monster Force,Action,2277,2213,10.98,63.27,74.25,75,-0.75,99.00%,5,,,,
366,2007,,Happily N'Ever After,Lionsgate,4,43,Maturation,Animation,2381,2775,15.59,22.5,38.08,47,-8.92,81.03%,6.6,,,,
367,2007,,Shoot 'Em Up,Warner Bros.,67,66,Pursuit,Action,2108,2711,12.81,13.91,26.72,39,-12.28,68.51%,5.7,,,,
368,2007,,Across the Universe,Independent,54,84,Love,Romance,954,4009,24.34,5.02,29.37,45,-15.63,65.26%,3.8,,,,
369,2007,,Walk Hard: The Dewey Cox Story,Sony,75,55,Comedy,Comedy,2650,1575,18.32,2.26,20.58,35,-14.42,58.79%,4.8,,,,
370,2007,,The Invasion,Warner Bros.,19,43,Monster Force,Thriller,2776,2143,15.07,25.1,40.17,80,-39.83,50.21%,5.6,,,,
371,2007,,Grindhouse,The Weinstein Company,82,86,Pursuit,Action,2624,4419,25.04,0.38,25.42,53,-27.58,47.97%,11.6,,,,
372,2008,,"10,000 B.C.",Warner Bros.,9,44,Rescue,Adventure,3410,10518,94.78,175,269.1,105,164.1,2.56,35.9,,,,
373,2008,y,21,,35,73,Quest,Crime,2648,9103,81.16,,157.9,35,122.9,4.51,24.1,,,,
374,2008,,27 Dresses,Fox,40,71,Love,Comedy,3057,7526,76.81,83.5,160.3,30,130.3,5.34,23.01,,,,
375,2008,y,88 Minutes,,5,51,The Riddle,Drama,2168,3209,16.93,,32.3,30,2.3,1.08,7,,,,
376,2008,y,Appaloosa,,77,55,Rescue,Action,,,20.07,,25.9,20,5.9,1.3,5,,,,
377,2008,,Australia,Fox,55,69,Fish Out Of Water,Adventure,2642,5602,46.69,161.8,129.4,78,51.4,1.66,14.8,,,,
378,2008,,Baby Mama,Independent,63,59,Discovery,Comedy,2543,6845,60.32,3.7,63.9,70,-6.1,0.91,17.41,,,,
379,2008,y,Babylon A.D.,,7,32,Quest,Action,3390,2798,22.53,,70.6,45,25.6,1.57,9.5,,,,
380,2008,y,Bangkok Dangerous,,9,33,Pursuit,Action,2650,2937,15.3,,39.4,45,-5.6,0.88,7.8,,,,
381,2008,y,"Be Kind, Rewind",,65,57,Comedy,Comedy,808,5013,11.18,,29.3,20,9.3,1.47,4.05,,,,
382,2008,,Bedtime Stories,Disney,25,63,Rivalry,Comedy,3681,7457,85.35,102.77,85.4,80,5.4,1.07,27.5,,,,
383,2008,,Beverly Hills Chihuahua,Disney,41,56,Journey And Return,Adventure,3215,9114,93.12,54.76,116,20,96,5.8,29.3,,,,
384,2008,,Body of Lies,Warner Bros.,53,65,Temptation,Action,2710,4754,39.19,75.7,17.5,67.5,-50,0.26,12.9,,,,
385,2008,,Bolt,Disney,89,76,Rescue,Animation,3651,7182,109.9,195.93,289.3,150,139.3,1.93,26.2,,,,
386,2008,,Burn After Reading,Relativity Media,78,64,Comedy,Comedy,2651,7215,60.36,103.36,154.8,37,117.8,4.18,19.13,,,,
387,2008,y,Cadillac Records,,67,64,Rags To Riches,Biography,687,5015,8.14,,8.88,12,-3.12,0.74,3.4,,,,
388,2008,,Changeling,Independent,62,84,Quest,Drama,,,35.69,77.28,66.9,55,11.9,1.22,9.4,,,,
389,2008,,City of Ember,Independent,52,48,Escape,Adventure,,,7.84,3.94,11.78,38,-26.22,0.31,3.13,,,http://www.the-numbers.com/movies/2008/CEMBR.php,
390,2008,,Cloverfield,Paramount,77,67,Monster Force,Action,3411,11744,80.05,90.72,170.8,25,145.8,6.83,40.1,,,,
391,2008,y,College Road Trip,,13,56,Comedy,Adventure,2706,5026,45.61,,51.5,140,-88.5,0.37,13.6,,,,
392,2008,,Death Race,Universal,42,69,Escape,Action,2532,4985,36.1,75.67,73.8,65,8.8,1.14,12.62,,,,
393,2008,,"Definitely, Maybe",Universal,71,72,Discovery,Comedy,2204,4430,32.01,23.2,55,7,48,7.86,9.76,,,,
394,2008,,Disaster Movie,Lionsgate,2,28,Rescue,Comedy,2642,2209,14.19,20.62,34.5,20,14.5,1.73,5.8,,,,
395,2008,,Doomsday,Relativity Media,48,47,Quest,Action,1936,2544,11.01,11.2,21.6,33,-11.4,0.65,4.9,,,,
396,2008,,Doubt,Independent,78,75,The Riddle,Drama,,,18.73,17.46,18.7,25,-6.3,0.75,5.3,,,,
397,2008,,Dr. Seuss' Horton Hears a Who!,Fox,79,75,Rescue,Animation,3954,11384,154.53,142.6,297,85,212,3.49,45,,,,
398,2008,,Drillbit Taylor,Paramount,26,49,Comedy,Comedy,3056,3373,32.86,16.82,49.7,40,9.7,1.24,10.3,,,,
399,2008,,Eagle Eye,Paramount,27,72,Pursuit,Action,3510,8305,101.18,76.62,175.9,80,95.9,2.2,29.2,,,,
400,2008,y,Expelled: No Intelligence Allowed,,10,42,Comedy,Documentary,1052,2824,7.72,0,7.72,3.5,4.22,2.21,2.97,,,,
401,2008,,Fireproof,Independent,40,51,Love,Drama,839,8148,33.45,0.02,33.45,0.5,32.95,66.9,6.84,,,http://boxofficemojo.com/movies/?page=main&id=Fireproof.htm,
402,2008,,First Sunday,Independent,13,59,Comedy,Comedy,2213,8004,37.93,0.87,38.8,13,25.8,2.98,17.7,,,,
403,2008,,Fly Me to the Moon,Independent,18,26,Journey And Return,Animation,,,12.42,27.9,32.6,25,7.6,1.3,1.9,,,,
404,2008,,Fool's Gold,Warner Bros.,11,53,Quest,Adventure,3125,6909,70.23,,110.6,72.5,38.1,1.53,21.6,,,,
405,2008,,Forgetting Sarah Marshall,Independent,85,75,Maturation,Comedy,2798,6791,62.93,42,104.8,30,74.8,3.49,17.73,,,,
406,2008,,Four Christmases,Warner Bros.,26,52,Love,Comedy,,,118.25,43.58,149.6,80,69.6,1.87,31.07,,,,
407,2008,,Get Smart,Warner Bros.,51,73,Pursuit,Action,3911,9891,130.32,100.37,230.5,80,150.5,2.88,38.7,,,,
408,2008,,Ghost Town,Paramount,85,60,Transformation,Comedy,1505,3330,13.25,13.71,24,20,4,1.2,5.01,,,,
409,2008,,Gran Torino,Independent,80,90,Temptation,Drama,,,148.1,114.25,262.34,167,95.34,1.57,29.48,,,,
410,2008,,Hancock,Sony,40,67,Discovery,Action,3965,15789,227.95,396.44,624.4,150,474.4,4.16,62.6,,,,
411,2008,,Harold and Kumar Escape from Guantanamo Bay,Warner Bros.,54,65,Escape,Adventure,2510,5939,38.11,5.38,43.3,12,31.3,3.61,14.91,,,,
412,2008,,Hellboy II: The Golden Army,Universal,87,70,Sacrifice,Action,3204,10780,75.79,84.4,158.9,82.5,76.4,1.93,34.5,,,,
413,2008,,High School Musical 3: Senior Year,Disney,65,76,Love,Comedy,3623,11601,89.7,162.35,240.7,11,229.7,21.88,42.03,,,,
414,2008,,Igor,Independent,36,42,Temptation,Animation,2339,,19.44,11.22,27.6,30,-2.4,0.92,7.8,,,,
415,2008,,In Bruges,Independent,81,85,Fish Out Of Water,Crime,,,7.8,25.59,32,15,17,2.13,0.46,,,http://www.the-numbers.com/movies/2008/BRUGE.php,
416,2008,,Indiana Jones and the Kingdom of the Crystal Skull,Paramount,77,59,Pursuit,Action,4260,23507,317.02,469.53,786.6,185,601.6,4.25,100.1,,,,
417,2008,,Iron Man,Paramount,94,91,Metamorphosis,Action,4105,24024,318.31,266.76,581.9,186,395.9,3.13,98.62,,,,
418,2008,,Journey to the Center of the Earth,Warner Bros.,61,55,Quest,Action,2811,7477,101.7,140.29,220.7,45,175.7,4.9,21,,,,
419,2008,,Jumper,Fox,16,50,Rescue,Action,3428,7980,80.17,142.06,222.2,82.5,139.7,2.69,27.4,,,,
420,2008,,Kit Kittredge: An American Girl,Warner Bros.,78,26,The Riddle,Drama,,,17.66,N/A,17.7,10,7.7,1.77,3.3,,,,
421,2008,,Kung Fu Panda,Paramount,88,83,Underdog,Animation,4114,14642,215.43,416.31,631.9,200,431.9,3.16,60.24,,,,
422,2008,,Lakeview Terrace,Sony,46,44,Rivalry,Crime,2464,6090,39.26,5.39,43.8,20,23.8,2.19,15,,,,
423,2008,,Leatherheads,Universal,52,41,Rivalry,Comedy,2769,4580,31.23,9.93,41,58,-17,0.71,12.7,,,,
424,2008,,Mad Money,Independent,22,51,Comedy,Comedy,2470,3132,20.67,5.74,26.1,22,4.1,1.19,7.74,,,,
425,2008,,Madagascar: Escape 2 Africa,Paramount,64,73,Journey And Return,Animation,4056,1559,176.93,423.89,462.3,150,312.3,3.08,63.11,,,,
426,2008,,Made of Honor,Sony,13,61,Love,Comedy,2729,5407,46.01,59.95,106,40,66,2.65,14.76,,,,
427,2008,,Mamma Mia!,Universal,53,76,Love,Comedy,2976,9325,143.76,465.71,572.2,66,506.2,8.67,27.75,,,,
428,2008,,Marley and Me,Fox,63,77,Love,Comedy,3480,10448,106.51,99.56,111.8,55,56.8,2.03,36.36,,,,
429,2008,,Max Payne,Fox,16,36,Revenge,Action,3376,5225,40.66,44.73,84.2,35,49.2,2.41,17.6,,,,
430,2008,,Meet Dave,Fox,19,42,Fish Out Of Water,Adventure,3011,1744,11.8,38.85,50.5,60,-9.5,0.84,5.25,,,,
431,2008,,Meet the Spartans,Independent,2,31,Comedy,Comedy,2605,7104,38.23,46.41,84.6,30,54.6,2.82,18.51,,,,
432,2008,,Milk,Universal,94,88,Quest,Biography,36,40385,31.84,18.32,50.16,20,30.16,2.51,1.5,"Best Actor, Original Screenplay",,http://www.the-numbers.com/movies/2008/HMILK.php,
433,2008,y,Miracle at St. Anna,,34,68,Quest,Action,1185,2935,7.92,1.2,9.11,45,-35.89,0.2,3.5,,,http://www.the-numbers.com/movies/2008/MSANA.php,
434,2008,,Mirrors,Independent,14,49,Monster Force,Horror,2664,4190,30.69,46.8,73.4,35,38.4,2.1,11.2,,,,
435,2008,,Miss Pettigrew Lives for a Day,Independent,78,70,Love,Comedy,535,4655,12.31,2.86,15.17,60,-44.83,0.25,2.49,,,,
436,2008,,My Best Friend's Girl,Lionsgate,14,51,Comedy,Comedy,2604,3174,19.22,22.4,36.2,20,16.2,1.81,8.27,,,,
437,2008,y,Never Back Down,,23,37,Rivalry,Action,2729,3152,24.85,16.78,41.6,21,20.6,1.98,8.6,,,,
438,2008,y,Nick and Norah's Infinite Playlist,,73,67,Love,Comedy,2421,4672,31.49,,31.7,10,21.7,3.17,11.31,,,,
439,2008,y,Nights in Rodanthe,,31,56,Discovery,Drama,2704,4962,41.74,,75.7,30,45.7,2.52,13.42,,,,
440,2008,,Nim's Island,Independent,51,50,Rescue,Adventure,3513,3760,48.01,52.07,99.9,37,62.9,2.7,13.2,,,,
441,2008,y,One Missed Call,,0,36,Monster Force,Horror,2240,5585,26.89,,44.5,20,24.5,2.23,12.5,,,,
442,2008,y,Over Her Dead Body,,15,47,Love,Comedy,,,0,,20.9,10,10.9,2.09,4.03,,,,
443,2008,,Penelope,Summit,52,74,Love,Comedy,,,10.01,10.73,20.75,15,5.75,1.38,3.8,,,,
444,2008,,Pineapple Express,Sony,68,74,Comedy,Action,3072,7567,87.34,14.28,101.5,26,75.5,3.9,23.2,,,,
445,2008,,Pride & Glory,Warner Bros.,34,54,Temptation,Crime,2585,2423,15.74,15.41,23.8,30,-6.2,0.79,6.26,,,,
446,2008,,Prom Night,Independent,8,46,Escape,Horror,2700,7705,43.87,,57.2,18,39.2,3.18,20.81,,,,
447,2008,,Punisher: War Zone,Lionsgate,27,47,Revenge,Action,2508,1703,8.05,0.15,8.19,30,-21.81,0.27,4.3,,,,
448,2008,,Quantum of Solace,MGM,64,62,Revenge,Action,3451,19568,166.8,,567,230,337,2.47,67.5,,,,
449,2008,,Quarantine,Sony,59,46,Monster Force,Horror,2461,5775,31.69,,37.2,12,25.2,3.1,14.2,,,,
450,2008,,Rachel Getting Married,Independent,85,61,Love,Drama,,,10.33,0.53,10.86,12,-1.14,0.9,0.29,,,http://www.the-numbers.com/movies/2008/RGMRD.php,
451,2008,,Rambo,Lionsgate,36,70,Rescue,Action,2751,6617,42.75,,113.2,47.5,65.7,2.38,18.2,,,,
452,2008,y,Religulous,,70,78,Comedy,Documentary,502,6792,13.01,0.12,13.14,2.5,10.64,5.25,3.41,,,http://www.the-numbers.com/movies/2008/RELIG.php,
453,2008,y,Righteous Kill,,19,44,The Riddle,Crime,3152,5168,40.08,,74,60,14,1.23,16.3,,,,
454,2008,,Role Models,Universal,77,75,Discovery,Comedy,2792,6865,66.69,25.09,66.7,28,38.7,2.38,19.17,,,,
455,2008,,Saw V,Independent,13,63,Monster Force,Crime,3030,9822,56.75,57.12,103.6,10.8,92.8,9.59,30.1,,,,
456,2008,,Semi-Pro,Warner Bros.,21,41,Underdog,Comedy,3121,4830,33.48,10.41,43.9,2.6,41.3,16.88,15.08,,,,
457,2008,y,Seven Pounds,,27,77,Sacrifice,Drama,2758,5385,60.04,,61.4,54,7.4,1.14,14.9,,,,
458,2008,,Sex and the City,Warner Bros.,49,81,Love,Comedy,3285,17363,152.65,262.61,415.1,57.5,357.6,7.22,57.04,,,,
459,2008,,Sex Drive,Summit,46,61,Journey And Return,Adventure,2421,1490,8.4,2.01,10.41,19,-8.59,0.55,3.61,,,,
460,2008,y,Shutter,,7,40,Monster Force,Horror,2753,3794,25.93,,47.8,8,39.8,5.98,10.5,,,,
461,2008,,Slumdog Millionaire,Independent,94,90,Underdog,Crime,,,101.89,236.59,198,15,183,13.2,4.3,"Best Picture, Director, Adapted Screenplay","Best Film, Director, Adapted Screenplay",,
462,2008,,Smart People,Independent,50,41,Transformation,Comedy,1106,3700,9.51,2.14,11.65,7,4.65,1.66,4.09,,,http://www.the-numbers.com/movies/2008/SMPEP.php,
463,2008,,Soul Men,The Weinstein Company,45,42,Comedy,Comedy,2044,2643,12.08,0.25,12.33,0,12.33,,5.4,,,http://www.boxofficemojo.com/movies/?id=soulmen.htm,
464,2008,,Space Chimps,Independent*,36,37,Transformation,Animation,2511,2860,30.11,34.73,63.8,37,26.8,1.72,7.18,,,"* Co-production partnership with Digital Production Studios, a subsidiary of IDT Media.",
465,2008,,Speed Racer,Warner Bros.,38,61,Quest,Action,3606,5174,43.95,50,93.4,120,-26.6,0.78,18.6,,,,
466,2008,,Star Wars: The Clone Wars,Independent,19,46,Sacrifice,Animation,3452,4233,35.16,33.12,65.6,8.5,57.1,7.72,14.6,,,,
467,2008,,Step Brothers,Sony,54,68,Comedy,Comedy,3094,10000,100.47,27.64,128,65,63,1.97,30.94,,,,
468,2008,,Step Up 2: The Streets,Disney,26,81,Underdog,Drama,2470,7655,58.02,92.8,148.2,17.5,130.7,8.47,18.91,,,,
469,2008,,Stop-Loss,Paramount,65,27,Tragedy,Drama,1291,3528,10.92,0.26,11.18,25,-13.82,0.45,4.56,,,http://www.the-numbers.com/movies/2008/STOPL.php,
470,2008,,Street Kings,Fox,37,62,The Riddle,Action,2467,5054,26.42,39.15,63.6,20,43.6,3.18,12.5,,,,
471,2008,,Superhero Movie,The Weinstein Company,15,36,Comedy,Comedy,2960,3212,25.87,45.35,71.1,65,6.1,1.09,9.51,,,,
472,2008,,Swing Vote,Disney,36,44,Maturation,Comedy,2213,2815,16.29,1.34,33.4,20,13.4,1.67,6.23,,,,
473,2008,,The Bank Job,Independent,78,74,Quest,Thriller,1603,3702,30.06,34.76,63.8,20,43.8,3.19,5.94,,,,
474,2008,,The Boy in the Striped Pyjamas,Independent,63,84,Tragedy,Drama,,,8.7,31.37,33,12.5,20.5,2.64,1.03,,,,
475,2008,,The Chronicles of Narnia: Prince Caspian,Disney,66,78,Fish Out Of Water,Action,3929,14007,141.62,278.04,419.6,200,219.6,2.1,55.03,,,,
476,2008,,The Curious Case of Benjamin Button,Warner Bros.,73,81,Love,Drama,2988,8987,79.01,206.42,322,160,162,2.01,26.85,,,,
477,2008,,The Dark Knight,Warner Bros.,94,96,Revenge,Thriller,4366,36283,530.92,468.58,996.9,185,811.9,5.39,158.4,Supporting Actor,Supporting Actor,,
478,2008,,The Day the Earth Stood Still ,Fox,19,34,Sacrifice,Thriller,3560,8562,74.3,153.73,230,100,130,2.3,30.5,,,,
479,2008,,The Duchess,Paramount,60,68,Love,Drama,,,13.85,29.46,34.3,13.5,20.8,2.54,3.3,,,,
480,2008,,The Express,Independent,62,73,Maturation,Drama,2808,1625,9.79,0.01,9.81,37.5,-27.69,0.26,4.56,,,http://www.the-numbers.com/movies/2008/EXPRS.php,
481,2008,,The Eye,Lionsgate,22,51,Sacrifice,Horror,2436,5101,31.42,25.55,56.8,12,44.8,4.73,12.4,,,,
482,2008,,The Forbidden Kingdom,Relativity Media,64,65,Journey And Return,Action,3151,6791,52.08,75.9,128.8,55,73.8,2.34,21.4,,,,
483,2008,y,The Happening,,19,29,Escape,Thriller,2986,10220,64.51,,163.4,60,103.4,2.72,30.52,,,,
484,2008,y,The Haunting of Molly Hartley,,3,22,Sacrifice,Horror,2352,2045,13.56,1.33,14.89,5,9.89,2.98,5.4,,,,
485,2008,y,The House Bunny,,39,54,Discovery,Comedy,2714,5355,0,,70,25,45,2.8,14.53,,,,
486,2008,,The Incredible Hulk,Universal,67,75,Metamorphosis,Action,3505,15810,134.53,128.62,262.5,137.5,125,1.91,55.14,,,,
487,2008,,The Longshots,Independent,39,39,Quest,Comedy,2089,1953,11.51,0.23,11.74,30,-18.26,0.39,4,,,,
488,2008,,The Love Guru,Paramount,14,38,Comedy,Comedy,3505,15810,32.2,8.63,40.8,62,-21.2,0.66,13.91,,,,
489,2008,y,The Mummy: Tomb of the Dragon Emperor,,14,40,Quest,Action,3760,10760,102.28,,393.2,175,218.2,2.25,40.5,,,,
490,2008,,The Other Boleyn Girl,Independent,41,65,Tragedy,Drama,1166,7035,26.81,50.9,77.2,40,37.2,1.93,8.2,,,,
491,2008,y,The Pirates Who Don't Do Anything,,41,61,Fish Out Of Water,Comedy,,,12.73,0.17,12.9,15,-2.1,0.86,4.25,,,,
492,2008,,The Ruins,Paramount,46,32,Rescue,Horror,2812,2846,17.43,5.3,22.6,25,-2.4,0.9,8,,,,
493,2008,,The Secret Life of Bees,Fox,56,78,Maturation,Drama,1591,6617,37.43,2.18,37.8,11,26.8,3.44,10.53,,,,
494,2008,y,The Sisterhood of the Traveling Pants 2,,63,68,Journey And Return,Drama,2707,3945,44.09,,44.2,27,17.2,1.64,10.68,,,,
495,2008,,The Spiderwick Chronicles,Paramount,79,67,Fish Out Of Water,Adventure,3847,4940,71.2,91.64,162.8,92.5,70.3,1.76,19,,,,
496,2008,,The Spirit,Lionsgate,14,29,Rivalry,Action,2509,2576,17.75,19.23,21.5,6,15.5,3.58,6.5,,,,
497,2008,,The Strangers,Relativity Media,44,48,Escape,Horror,2466,8515,52.6,29.79,77.6,9,68.6,8.62,20.99,,,,
498,2008,,The Tale of Despereaux,Universal,54,46,Rescue,Animation,3104,3255,50.87,37.84,88.72,55,33.72,1.61,10.1,,,,
499,2008,,The Visitor,Independent,92,83,Transformation,Drama,,,9.43,8.65,18.08,4,14.08,4.52,0.09,,,http://www.the-numbers.com/movies/2008/VISTR.php,
500,2008,,The Women,Warner Bros.,13,41,Transformation,Drama,2962,3415,26.9,23.11,46.1,16,30.1,2.88,10.12,,,,
501,2008,,The X-Files: I Want to Believe,Fox,32,34,Monster Force,Thriller,3185,3147,20.98,47.39,68.3,35,33.3,1.95,10.1,,,,
502,2008,,Traitor,Liberty Starz,55,66,Pursuit,Thriller,2054,3831,23.53,4.13,25.3,22,3.3,1.15,7.9,,,,
503,2008,,Transporter 3,Independent,36,58,Escape,Action,2626,4594,31.72,77.26,60.9,30,30.9,2.03,12.06,,,,
504,2008,,Tropic Thunder,Paramount,83,69,Fish Out Of Water,Comedy,3319,7777,110.46,77.58,188,90,98,2.09,25.81,,,,
505,2008,,Twilight,Summit,49,82,Love,Romance,3419,20368,176.82,199.85,246.5,37,209.5,6.66,69.64,,,,
506,2008,,Tyler Perry's Meet the Browns,Independent,31,36,Discovery,Drama,2006,10011,41.98,0,41.98,20,21.98,2.1,20.08,,,,
507,2008,,Tyler Perry's The Family That Preys,Independent,51,36,Discovery,Drama,2070,8397,37.11,0,37.11,10,27.11,3.71,17.38,,,,
508,2008,y,Under the Same Moon,,72,80,Quest,Drama,266,10412,12.59,,23,1.7,21.3,13.53,2.8,,,,
509,2008,,Untraceable,Independent,14,56,The Riddle,Thriller,2368,4795,28.69,23.97,52.5,35,17.5,1.5,11.4,,,,
510,2008,,Valkyrie,MGM,58,66,Sacrifice,Thriller,2711,7756,60.69,117.2,184,75,109,2.45,21.03,,,,
511,2008,y,Vantage Point,,36,61,The Riddle,Action,3149,7264,72.27,,151.2,40,111.2,3.78,22.87,,,,
512,2008,,Vicky Cristina Barcelona,The Weinstein Company,82,73,Temptation,Romance,692,5427,22.84,,77.2,16,61.2,4.83,3.76,,,,
513,2008,y,W.,,58,43,Rivalry,Biography,2030,5175,25.53,,29,25.1,3.9,1.16,10.5,,,,
514,2008,,WALL-E,Disney,96,89,Love,Animation,3992,15803,223.78,,507.3,180,327.3,2.82,63.09,Animated,Animated,,
515,2008,,Wanted,Universal,73,72,Transformation,Action,3175,16040,134.33,,342.1,75,267.1,4.56,50.93,,,,
516,2008,,"Welcome Home, Roscoe Jenkins",Universal,24,64,Discovery,Comedy,2387,6790,42.19,,43.4,27.5,15.9,1.58,16.21,,,,
517,2008,,What Happens in Vegas,Fox,28,72,Love,Comedy,3215,6274,80.28,,219.3,150,69.3,0.29,20.17,,,,
518,2008,,Yes Man,Warner Bros.,43,72,Transformation,Comedy,3434,5318,79.41,,113.4,50,63.4,2.27,18.26,,,,
519,2008,,You Don't Mess with the Zohan,Sony,36,50,Fish Out Of Water,Comedy,3462,11130,100.02,,201.8,80,121.8,2.52,38.53,,,,
520,2008,,Zack and Miri Make a Porno,The Weinstein Company,64,70,Love,Romance,3735,3680,31.3,,36.6,24,12.6,1.53,10.07,,,,
521,2009,y,9,,57,58,Sacrifice,Animation,1661,10398,29.6,18,48,30,18,1.6,10.7,,,http://www.the-numbers.com/movies/records/allbudgets.php,
522,2009,,2012,Sony,39,63,Escape,Action,3404,19165,165.6,602.4,767.9,200,567.9,3.84,65.3,,,http://boxofficemojo.com/movies/?id=2012.htm,
523,2009,,(500) Days of Summer ,Fox,87,81,Love,Comedy,817,4577,48.3,9.3,58.6,7.5,51.1,7.81,3.8,,,http://boxofficemojo.com/movies/?id=500daysofsummer.htm,
524,2009,y,12 Rounds ,,30,52,Rescue,Action,2331,2286,16,1.1,17.1,20,-2.9,0.86,5.3,,,http://www.the-numbers.com/movies/records/allbudgets.php,
525,2009,,17 Again ,Independent,55,70,Maturation,Comedy,3255,7288,64.2,72.1,136.3,20,116.3,6.82,23.7,,,http://www.darkhorizons.com/films/134/17-Again,
526,2009,,A Christmas Carol,Disney,52,72,Transformation,Animation,3683,8159,137.9,185.7,323.6,190,133.6,1.7,30.1,,,http://www.the-numbers.com/movies/records/allbudgets.php,
527,2009,y,A Perfect Getaway ,,61,50,Escape,Mystery,2159,2755,15.5,6.7,22.2,14,8.2,1.59,5.9,,,http://www.the-numbers.com/movies/records/allbudgets.php,
528,2009,,A Serious Man ,Universal,89,64,Love,Drama,6,41890,9.2,7.1,20.5,7,13.5,2.93,0.3,,,http://www.the-numbers.com/movies/2009/ASERM.php,
529,2009,y,Adventureland ,,89,56,Maturation,Comedy,1862,3073,16.04,0.01,16.05,9.5,6.55,1.69,5.7,,,http://www.the-numbers.com/movies/2009/ADVNL.php,
530,2009,y,Aliens in the Attic ,,30,46,Monster Force,Adventure,3106,2578,25.2,24.35,59.55,45,14.55,1.32,8,,,http://www.the-numbers.com/movies/2009/ANATC.php,
531,2009,y,All About Steve ,,6,35,Comedy,Comedy,2251,4994,33.86,4.07,37.93,15,22.93,2.53,11.2,,,http://www.the-numbers.com/movies/2009/ABSTV.php,
532,2009,,Alvin and the Chipmunks: The Squeakquel ,Independent,21,59,Comedy,Animation,3700,13210,219.5,221.3,440.7,75,365.7,5.88,48.8,,,http://www.the-numbers.com/movies/2009/ALVN2.php,
533,2009,y,Amelia ,,21,35,Quest,Adventure,820,4761,14.2,5,19.2,40,-20.8,0.48,3.9,,,http://www.the-numbers.com/movies/records/allbudgets.php,
534,2009,,Angels & Demons ,Sony,36,65,The Riddle,Mystery,3527,13100,133.4,352.6,485.9,150,335.9,3.24,46.2,,,http://www.the-numbers.com/movies/records/allbudgets.php,
535,2009,y,Armored ,,40,34,Temptation,Action,1915,3400,16,0,16,20,-4,0.8,6.5,,,http://boxofficemojo.com/movies/?id=armored.htm,
536,2009,y,Astro Boy ,,49,53,Quest,Animation,3014,2224,19.55,12.04,31.59,65,-33.41,0.49,6.7,,,http://www.the-numbers.com/movies/records/allbudgets.php,
537,2009,,Avatar ,Fox,83,92,Metamorphosis,Action,3452,22313,743.8,1969,2712.85,237,2475.85,11.45,77,,,http://www.the-numbers.com/movies/2009/AVATR.php,
538,2009,y,Away We Go ,,67,74,Discovery,Comedy,4,32603,9.5,0.77,10.2,21,-10.8,0.49,0.13,,,http://www.the-numbers.com/movies/records/allbudgets.php,
539,2009,y,Bandslam ,,79,60,Maturation,Comedy,2121,1052,5.2,6.9,12.1,20,-7.9,0.61,2.2,,,http://en.wikipedia.org/wiki/Bandslam,
540,2009,,Bride Wars ,Fox,11,56,Comedy,Comedy,3226,6528,100.4,13.4,114.7,30,84.7,3.82,21.1,,,http://www.the-numbers.com/movies/records/allbudgets.php,
541,2009,y,Brothers ,,61,62,Transformation,Drama,2088,4563,28.5,11,39.5,26,13.5,1.52,9.5,,,http://boxofficemojo.com/movies/?id=brothers09.htm,
542,2009,,Bruno ,Universal,68,48,Comedy,Comedy,2756,11110,60.1,70.7,130.8,42,88.8,3.11,30.6,,,http://www.the-numbers.com/movies/2009/BRUNO.php,
543,2009,y,Cirque du Freak: The Vampire's Assistant ,,38,50,Discovery,Action,2754,2285,13.9,14.3,28.2,40,-11.8,0.71,6.3,,,http://www.the-numbers.com/movies/records/allbudgets.php,
544,2009,,Cloudy with a Chance of Meatballs ,Sony,86,70,Comedy,Animation,3119,9716,124.9,87.8,212.7,100,112.7,2.13,30.3,,,http://www.the-numbers.com/movies/records/allbudgets.php,
545,2009,y,Confessions of a Shopaholic ,,24,53,Comedy,Comedy,2507,6010,44.27,63.57,108.3,70,38.3,1.55,15,,,http://www.the-numbers.com/movies/2009/SHOPA.php,
546,2009,,Coraline ,Universal,89,77,Journey And Return,Animation,2299,7329,75.3,46.6,121.9,60,61.9,2.03,16.8,,,http://www.the-numbers.com/movies/records/allbudgets.php,
547,2009,,Couples Retreat ,Universal,12,47,Comedy,Comedy,3000,11429,109.2,57.2,166.4,60,106.4,2.77,34.3,,,http://www.the-numbers.com/movies/records/allbudgets.php,
548,2009,y,Crank: High Voltage ,,62,54,Pursuit,Action,2223,3133,13.7,20.8,34.5,12.9,21.6,2.67,7,,,http://www.boxofficemojo.com/movies/?id=crank2.htm,
549,2009,y,Dance Flick ,,17,35,Comedy,Action,2450,4344,25.66,6.43,32.09,25,7.09,1.28,10.6,,,http://www.the-numbers.com/movies/records/allbudgets.php,
550,2009,y,Did You Hear About the Morgans? ,,12,31,Comedy,Comedy,2718,2434,6.1,41.3,47.5,58,-10.5,0.82,6.6,,,http://boxofficemojo.com/movies/?id=grantparker09.htm,
551,2009,,District 9 ,Independent,91,81,Metamorphosis,Action,3049,12251,115.6,89.2,204.8,30,174.8,6.83,37.4,,,http://www.the-numbers.com/movies/records/allbudgets.php,
552,2009,,Drag Me to Hell ,Universal,92,61,Monster Force,Horror,2508,6310,77.2,8.1,86.7,30,56.7,2.89,15.8,,,http://www.the-numbers.com/movies/records/allbudgets.php,
553,2009,y,Dragonball Evolution ,,15,28,Quest,Action,2181,2181,9.36,48.87,58.23,30,28.23,1.94,4.8,,,http://www.the-numbers.com/movies/2009/DRGNB.php,
554,2009,y,Duplicity ,,64,38,Rivalry,Romance,2574,5425,55.4,21.4,78.1,60,18.1,1.3,14,,,http://boxofficemojo.com/movies/?id=duplicity.htm,
555,2009,y,Everybody's Fine ,,46,55,Discovery,Drama,2133,1806,9.2,4.7,13.9,21,-7.1,0.66,3.9,,,http://boxofficemojo.com/movies/?id=everybodysfine09.htm,
556,2009,y,Extract ,,62,37,Comedy,Comedy,1611,2694,8.8,2,10.8,7.5,3.3,1.44,4.3,,,http://www.the-numbers.com/movies/records/allbudgets.php,
557,2009,,Fame,MGM,25,43,Maturation,Comedy,3096,3234,22.5,55.5,78,18,60,4.33,10,,,http://www.the-numbers.com/movies/records/allbudgets.php,
558,2009,,Fast and Furious ,Universal,28,76,Revenge,Action,3461,20500,155.1,188,343,85,258,4.04,70.9,,,http://boxofficemojo.com/movies/?id=fastandthefurious4.htm,
559,2009,y,Fired Up! ,,22,52,Comedy,Comedy,1810,3030,17.2,1.4,18.6,20,-1.4,0.93,5.5,,,http://boxofficemojo.com/movies/?id=firedup.htm,
560,2009,,Friday the 13th,Paramount,25,52,Monster Force,Horror,3105,13066,65,26.4,91.4,19,72.4,4.81,40.6,,,http://www.the-numbers.com/movies/records/allbudgets.php,
561,2009,y,Funny People ,,68,58,Transformation,Comedy,,,22.5,47.3,71.5,70,1.5,1.02,22.7,,,http://www.the-numbers.com/movies/records/allbudgets.php,
562,2009,,G-Force ,Disney,22,50,Comedy,Action,3697,8576,119.4,165.6,285.1,82.5,202.6,3.46,31.7,,,http://www.the-numbers.com/movies/records/allbudgets.php,
563,2009,,G.I. Joe: The Rise of Cobra ,Paramount,33,62,Pursuit,Action,4007,13654,150.2,151.9,302.1,175,127.1,1.73,54.7,,,http://www.the-numbers.com/movies/records/allbudgets.php,
564,2009,y,Gamer ,,29,43,Revenge,Action,2502,3659,20.53,14.53,35.1,12.5,22.6,2.81,9.2,,,http://www.the-numbers.com/movies/2009/CGAME.php,
565,2009,y,Ghosts of Girlfriends Past ,,27,47,Love,Comedy,3175,4854,51.5,48.4,101.9,50,51.9,2.04,15.4,,,http://www.the-numbers.com/interactive/newsStory.php?newsID=4189,
566,2009,y,Halloween II,,20,45,Escape,Horror,3025,5405,31.7,5.8,37.7,15,22.7,2.51,16.3,,,http://www.the-numbers.com/movies/records/allbudgets.php,
567,2009,,Hannah Montana: The Movie ,Disney,44,66,Maturation,Comedy,3118,10367,79.58,70.52,150.09,35,115.09,4.29,32.3,,,http://www.the-numbers.com/movies/2009/HANNA.php,
568,2009,,Harry Potter and the Half-Blood Prince ,Warner Bros.,83,75,Quest,Adventure,4325,17997,302,632,934,250,684,3.74,77.8,,,http://www.the-numbers.com/movies/records/allbudgets.php,
569,2009,,He's Just Not That Into You ,Warner Bros.,42,60,Love,Comedy,3175,8751,94,84.5,178.4,25,153.4,7.14,27.8,,,http://en.wikipedia.org/wiki/He's_Just_Not_That_into_You_(film),
570,2009,y,Hotel for Dogs ,,46,57,Comedy,Comedy,3271,5201,73,45.2,118.2,35,83.2,3.38,17,,,http://www.the-numbers.com/movies/2009/HTLDG.php,
571,2009,y,I Love You Beth Cooper ,,14,38,Comedy,Comedy,1856,2648,14.8,0.94,15.7,18,-2.3,0.87,4.9,,,http://www.the-numbers.com/movies/records/allbudgets.php,
572,2009,y,"I Love You, Man ",,83,72,Comedy,Comedy,2711,6570,71.4,20,91.4,30,61.4,3.05,17.8,,,http://boxofficemojo.com/movies/?id=iloveyouman.htm,
573,2009,,Ice Age: Dawn of the Dinosaurs ,Fox,45,72,Quest,Animation,4099,10171,196.6,687.9,884.5,90,794.5,9.83,41.7,,,http://www.the-numbers.com/movies/records/allbudgets.php,
574,2009,y,Imagine That ,,38,44,Comedy,Comedy,3008,1830,16.12,6.86,22.99,55,-32.01,0.42,5.5,,,http://boxofficemojo.com/movies/?id=imaginethat.htm,
575,2009,,Inglourious Basterds ,Universal,88,87,Underdog,Adventure,3135,12024,120.5,193,313.6,70,243.6,4.48,38,Supporting Actor,Supporting Actor,http://www.the-numbers.com/movies/records/allbudgets.php,
576,2009,,Inkheart ,Warner Bros.,39,51,Quest,Adventure,2655,2862,43.3,16.9,62.5,60,2.5,1.04,7.6,,,http://boxofficemojo.com/movies/?id=inkheart.htm,
577,2009,,Invictus,Warner Bros.,75,74,Underdog,Biography,2125,4052,38.1,11.6,53.9,60,-6.1,0.9,8.6,,,http://boxofficemojo.com/movies/?id=eastwood09.htm,
578,2009,,It's Complicated ,Universal,56,63,Love,Comedy,2887,7655,112.73,105.4,218.1,75,143.1,2.91,22.1,,,http://www.the-numbers.com/movies/2009/CMPLC.php,
579,2009,y,Jennifer's Body ,,42,37,Monster Force,Comedy,2702,2542,16.2,2.6,18.8,16,2.8,1.18,6.9,,,http://www.the-numbers.com/movies/records/allbudgets.php,
580,2009,y,Julie & Julia ,,74,69,Underdog,Biography,2354,8508,73,43.9,118.6,40,78.6,2.97,20,,,http://www.the-numbers.com/movies/records/allbudgets.php,
581,2009,,Knowing ,Independent,33,50,Escape,Drama,3332,7384,146.3,37,183.3,50,133.3,3.67,24.6,,,http://www.the-numbers.com/movies/records/allbudgets.php,
582,2009,y,Land of the Lost ,,26,38,Journey And Return,Drama,3521,5350,1.5,66.4,68.8,100,-31.2,0.69,18.8,,,http://www.the-numbers.com/movies/records/allbudgets.php,
583,2009,y,Law Abiding Citizen ,,25,77,Revenge,Crime,2890,7280,73.4,29.1,102.5,53,49.5,1.93,21,,,http://www.the-numbers.com/movies/2009/LACTZ.php,
584,2009,y,Love Happens ,,18,40,Love,Drama,1898,4245,22.9,11.2,33.1,18,15.1,1.84,8.1,,,http://www.the-numbers.com/movies/records/allbudgets.php,
585,2009,y,Michael Jackson's This Is It ,,81,82,Tragedy,Documentary,3481,6675,72.1,180,252.01,60,192.01,4.2,23.3,,,http://www.the-numbers.com/movies/2009/JACKO.php,
586,2009,,Monsters Vs. Aliens ,Paramount,72,65,Monster Force,Animation,4104,14454,198.4,183.2,381.5,175,206.5,2.18,59.3,,,http://boxofficemojo.com/movies/?id=monstersvsaliens.htm,
587,2009,,My Bloody Valentine 3-D ,Lionsgate,57,48,Pursuit,Crime,2534,8383,38.6,60.8,100,14,86,7.14,21.2,,,http://www.the-numbers.com/movies/records/allbudgets.php,
588,2009,y,My Life in Ruins ,,9,43,Comedy,Comedy,1164,2769,8.67,9.34,18.01,17,1.01,1.06,3.2,,,http://www.the-numbers.com/movies/2009/MLFRU.php,
589,2009,y,My Sister's Keeper ,,47,73,Escape,Drama,2606,4774,71.4,20,91.7,27.5,64.2,3.33,12.4,,,http://www.the-numbers.com/movies/records/allbudgets.php,
590,2009,y,Next Day Air ,,21,27,Comedy,Action,1138,3613,10,0,10,3,7,3.33,4.1,,,http://en.wikipedia.org/wiki/Next_Day_Air,
591,2009,,Night at the Museum: Battle of the Smithsonian ,Fox,43,60,Quest,Action,4096,13226,177.2,235.8,413,150,263,2.75,54.2,,,http://www.the-numbers.com/movies/records/allbudgets.php,
592,2009,y,Nine ,,37,40,Discovery,Drama,1412,3862,19.2,10.3,29.5,80,-50.5,0.37,5.45,,,http://boxofficemojo.com/movies/?id=nine.htm,
593,2009,y,Ninja Assassin ,,25,57,Revenge,Action,2503,5320,27.7,21.6,49.8,50,-0.2,1,13.3,,,http://www.the-numbers.com/movies/records/allbudgets.php,
594,2009,y,Not Easily Broken ,,34,66,Love,Drama,724,7340,10.6,0.14,10.7,5,5.7,2.14,5.3,,,http://www.the-numbers.com/movies/records/allbudgets.php,
595,2009,,Notorious,Fox,50,66,Tragedy,Biography,1638,12514,20.4,19,40.5,19,21.5,2.13,20.5,,,http://www.the-numbers.com/movies/records/allbudgets.php,
596,2009,y,Observe and Report ,,51,40,Comedy,Comedy,2727,4040,24,0.87,24.9,18,6.9,1.38,11,,,http://boxofficemojo.com/movies/?id=observeandreport.htm,
597,2009,,Obsessed ,Sony,20,50,Rivalry,Drama,2514,11318,41,32.4,73.8,20,53.8,3.69,28.6,,,http://boxofficemojo.com/movies/?id=obsessed.htm,
598,2009,y,Old Dogs ,,5,49,Comedy,Comedy,3425,4933,9.4,48.1,57.6,35,22.6,1.65,16.9,,,http://boxofficemojo.com/movies/?id=olddogs.htm,
599,2009,y,Orphan ,,55,65,Escape,Horror,2750,4681,68.3,5.5,75.8,30,45.8,2.53,12.8,,,http://www.the-numbers.com/interactive/newsStory.php?newsID=4328,
600,2009,y,Pandorum ,,28,49,Monster Force,Action,2506,1765,10.3,6.7,17,40,-23,0.43,4.4,,,http://www.the-numbers.com/movies/2009/PNDRM.php,
601,2009,,Paranormal Activity ,Independent,82,56,Monster Force,Horror,760,25813,107.92,63.41,171.3,0.015,171.285,"11,420.00",19.6,,,http://www.the-numbers.com/movies/records/allbudgets.php,
602,2009,,Paul Blart: Mall Cop ,Sony,33,50,Comedy,Action,3144,10125,80,103.3,183.3,26,157.3,7.05,31.8,,,http://www.the-numbers.com/movies/records/allbudgets.php,
603,2009,y,"Pirate Radio (The Boat that Rocked, UK)",,60,72,Comedy,Comedy,882,3293,33.3,2.2,36.3,50,-13.7,0.73,2.9,,,http://boxofficemojo.com/movies/?id=boatthatrocked.htm,
604,2009,,Planet 51 ,Independent,22,45,Comedy,Animation,3035,4048,51.9,19.6,73.4,50,23.4,1.47,12.3,,,http://www.the-numbers.com/movies/records/allbudgets.php,
605,2009,y,Post Grad ,,7,31,Maturation,Comedy,1959,1354,6.38,0,6.38,15,-8.62,0.43,2.6,,,http://www.the-numbers.com/movies/2009/POSTG.php,
606,2009,y,Public Enemies ,,67,65,Underdog,Biography,3334,7580,97.1,117,214.1,102.5,111.6,2.09,25.2,,,http://www.the-numbers.com/movies/records/allbudgets.php,
607,2009,y,Push ,,22,47,Quest,Action,2313,4358,31.7,12.6,44.4,38,6.4,1.17,10.1,,,http://www.the-numbers.com/movies/records/allbudgets.php,
608,2009,y,Race to Witch Mountain ,,42,50,Quest,Action,3187,7651,67.17,37.93,105.1,50,55.1,2.1,24.4,,,http://www.the-numbers.com/movies/2009/WCMTN.php,
609,2009,,Saw VI ,Independent,40,67,Escape,Horror,3036,4650,31.8,17,49.3,11,38.3,4.48,14.1,,,http://www.the-numbers.com/movies/records/allbudgets.php,
610,2009,,Sherlock Holmes ,Warner Bros.,70,81,The Riddle,Action,3626,17183,197.6,197,394.6,90,304.6,4.38,62.3,,,http://boxofficemojo.com/movies/?id=sherlockholmes.htm,
611,2009,y,Sorority Row ,,22,38,Pursuit,Horror,2665,1899,11.97,1.6,13.56,12.5,1.06,1.08,5.1,,,http://www.the-numbers.com/movies/records/allbudgets.php,
612,2009,,Star Trek ,Paramount,94,91,Revenge,Action,3849,19539,257.7,127.8,385.5,140,245.5,2.75,75.2,,,http://www.the-numbers.com/movies/records/allbudgets.php,
613,2009,y,State of Play ,,84,71,The Riddle,Crime,2803,5020,37.02,51.32,88.3,60,28.3,1.47,14.1,,,http://www.the-numbers.com/movies/2009/STPLY.php,
614,2009,y,Street Fighter: The Legend of Chun-Li ,,16,28,Revenge,Action,1136,4156,9.14,3.2,12.34,50,-37.66,0.25,4.7,,,http://www.the-numbers.com/movies/2009/STRFT.php,
615,2009,y,Sunshine Cleaning ,,72,59,Transformation,Comedy,,,12.1,2.5,14.6,5,9.6,2.92,0.9,,,http://www.the-numbers.com/movies/2009/SUNCL.php,
616,2009,y,Surrogates ,,39,42,Pursuit,Action,2951,5050,73.3,24,99.4,80,19.4,1.24,14.9,,,http://boxofficemojo.com/movies/?id=surrogates.htm,
617,2009,,Taken ,Independent,58,83,Pursuit,Action,3183,7765,145,81.8,226.8,25,201.8,9.07,24.7,,,http://www.the-numbers.com/movies/records/allbudgets.php,
618,2009,y,Taking Woodstock ,,48,48,Quest,Comedy,1393,2482,7.5,2.5,9.9,29,-19.1,0.34,3.5,,,http://www.the-numbers.com/movies/records/allbudgets.php,
619,2009,,Terminator Salvation ,Independent,33,64,Monster Force,Action,3530,12056,125.3,246.7,372,200,172,1.86,42.6,,,http://www.the-numbers.com/movies/records/allbudgets.php,
620,2009,,The Blind Side ,Independent,65,90,Rags To Riches,Biography,3110,10971,255.8,39.3,295.1,29,266.1,10.18,34.1,Best Actress,,http://www.the-numbers.com/movies/2009/BLDSD.php,
621,2009,y,The Box ,,46,27,Temptation,Drama,2635,2873,15.1,11.3,26.34,25,1.34,1.05,7.6,,,http://www.the-numbers.com/movies/2009/THBOX.php,
622,2009,,Fantastic Mr. Fox ,Fox,93,80,Rivalry,Animation,2033,3426,20.5,21.8,42.78,40,2.78,1.07,7,,,http://boxofficemojo.com/movies/?id=fantasticmrfox.htm,
623,2009,,The Final Destination ,Warner Bros.,29,52,Escape,Horror,3121,8782,66.5,86.1,152.6,40,112.6,3.82,27.4,,,http://www.the-numbers.com/movies/records/allbudgets.php,
624,2009,y,The Fourth Kind ,,18,44,Monster Force,Mystery,2527,4840,26.22,5.5,31.72,10,21.72,3.17,12.2,,,http://www.boxofficemojo.com/movies/?id=traveling.htm,
625,2009,,The Hangover ,Warner Bros.,79,87,Comedy,Comedy,3269,13759,277.3,190,467.3,35,432.3,13.35,45,,,http://www.the-numbers.com/movies/records/allbudgets.php,
626,2009,y,The Haunting in Connecticut ,,17,51,Monster Force,Drama,2732,8420,42.7,33.8,76.8,30,46.8,2.56,23,,,http://www.the-numbers.com/interactive/newsStory.php?newsID=4064,
627,2009,,The Hurt Locker ,Independent,97,83,Quest,Drama,4,36338,14.7,3.4,18.1,15,3.1,1.21,0.14,"Best Picture, Director, Original Screenplay","Film, Director, Original Screenplay",http://www.the-numbers.com/movies/2009/HURTL.php,
628,2009,y,The Informant! ,,78,42,Comedy,Comedy,2505,4177,13.7,20.8,35.5,22,13.5,1.61,10.5,,,http://www.the-numbers.com/movies/records/allbudgets.php,
629,2009,y,The International ,,58,39,The Riddle,Action,2364,3947,25.5,34.7,60.2,50,10.2,1.2,9.3,,,http://boxofficemojo.com/movies/?id=international.htm,
630,2009,y,The Invention of Lying ,,56,47,Love,Comedy,1707,4117,23.1,8.5,32,18.5,13.5,1.73,7,,,http://www.the-numbers.com/movies/records/allbudgets.php,
631,2009,,The Lovely Bones ,Paramount,32,57,Tragedy,Drama,2563,6635,44,48.3,92.3,65,27.3,1.42,17,,,http://www.the-numbers.com/movies/2009/LVBON.php,
632,2009,,The Men Who Stare at Goats ,Independent,52,43,Comedy,Comedy,2443,5201,32.4,15.8,48.2,24,24.2,2.01,12.7,,,http://www.the-numbers.com/movies/records/allbudgets.php,
633,2009,y,The Pink Panther 2 ,,12,47,Comedy,Adventure,3243,3573,41.6,34.2,75.9,59,16.9,1.29,11.6,,,http://www.freebase.com/view/en/the_pink_panther_2,
634,2009,y,The Princess and the Frog ,,84,72,Metamorphosis,Animation,3434,7050,104.3,143,247.3,105,142.3,2.36,24.2,,,http://www.the-numbers.com/movies/2009/FROGP.php,
635,2009,,The Proposal ,Disney,43,74,Love,Comedy,3056,11004,164,150.7,314.7,40,274.7,7.87,33.6,,,http://www.the-numbers.com/movies/records/allbudgets.php,
636,2009,,The Road ,The Weinstein Company,75,65,Quest,Adventure,111,13534,7.9,6.5,14.3,25,-10.7,0.57,1.5,,,http://boxofficemojo.com/movies/?id=road08.htm,
637,2009,y,The Soloist ,,56,59,Quest,Drama,2024,4801,31.7,6.2,37.92,60,-22.08,0.63,9.7,,,http://www.the-numbers.com/movies/2009/SOLOS.php,
638,2009,y,The Stepfather,,12,48,Rescue,Mystery,2734,4236,29.1,2.13,31.2,20,11.2,1.56,11.6,,,http://www.boxofficemojo.com/movies/?id=stepfather09.htm,
639,2009,,The Taking of Pelham 1 2 3 ,Sony,51,60,Rescue,Action,3074,7603,65.5,84.6,150,110,40,1.36,4.7,,,http://www.the-numbers.com/movies/records/allbudgets.php,
640,2009,,The Time Traveler's Wife ,Paramount,38,65,Love,Drama,2988,6233,40.6,37.6,79.7,39,40.7,2.04,18.6,,,http://www.the-numbers.com/movies/records/allbudgets.php,
641,2009,,The Twilight Saga: New Moon ,Summit,27,78,Love,Drama,4024,35497,293.8,410.3,704.2,50,654.2,14.08,142.8,,,http://boxofficemojo.com/movies/?id=newmoon.htm,
642,2009,,The Ugly Truth ,Independent,14,68,Love,Comedy,2882,9579,88.9,116.4,205.3,38,167.3,5.4,27.6,,,http://www.the-numbers.com/movies/records/allbudgets.php,
643,2009,,The Unborn,Relativity Media,11,39,Monster Force,Horror,2357,8405,35.9,40,76.5,16,60.5,4.78,19.8,,,http://www.the-numbers.com/movies/records/allbudgets.php,
644,2009,y,The Uninvited ,,31,52,Monster Force,Drama,2344,4405,28.6,14.1,42.7,,42.7,,10.3,,,http://www.the-numbers.com/movies/2009/UNVIT.php,
645,2009,,Transformers: Revenge of the Fallen ,Paramount,20,76,Revenge,Action,4234,25736,402.1,434.2,836.3,210,626.3,3.98,109,,,http://www.the-numbers.com/movies/records/allbudgets.php,
646,2009,,Underworld: Rise of the Lycans ,Sony,30,68,Rivalry,Action,2942,7080,37,50.8,91.1,35,56.1,2.6,20.8,,,http://boxofficemojo.com/movies/?id=underworld3.htm,
647,2009,,Up ,Disney,98,86,Journey And Return,Animation,3766,18085,293,434,727.1,175,552.1,4.15,68.1,Animated,Animated,http://www.the-numbers.com/movies/2009/UP.php,
648,2009,,Up in the Air ,Paramount,90,76,Maturation,Drama,1895,5947,83.82,78.2,162.02,25,137.02,6.48,11.2,,Adapted Screenplay,http://boxofficemojo.com/movies/?id=upintheair.htm,
649,2009,,Watchmen ,Warner Bros.,64,68,Sacrifice,Action,3611,15291,107.5,77.7,185.3,138,47.3,1.34,55.2,,,http://www.the-numbers.com/movies/records/allbudgets.php,
650,2009,y,Whatever Works ,,50,63,Discovery,Comedy,9,29574,5.3,23.7,29,15,14,1.93,0.26,,,http://en.wikipedia.org/wiki/Whatever_Works,
651,2009,,Where the Wild Things Are ,Warner Bros.,73,59,Journey And Return,Adventure,3735,8754,63.4,16.3,85.3,100,-14.7,0.85,32.7,,,http://www.the-numbers.com/movies/records/allbudgets.php,
652,2009,y,Whip It ,,84,73,Maturation,Drama,1721,2702,13,3,16,15,1,1.07,4.7,,,http://www.boxofficemojo.com/movies/?id=whipit.htm,
653,2009,y,Whiteout ,,7,28,Pursuit,Action,2745,1791,10.3,1.9,12.2,35,-22.8,0.35,4.9,,,http://www.the-numbers.com/movies/records/allbudgets.php,
654,2009,,X-Men Origins: Wolverine ,Fox,37,72,Revenge,Action,4099,20751,179.9,193.2,373.1,150,223.1,2.49,85.1,,,http://www.the-numbers.com/movies/records/allbudgets.php,
655,2009,y,Year One ,,14,31,Quest,Adventure,3022,6489,32.4,26.2,60.2,60,0.2,1,19.6,,,http://www.the-numbers.com/movies/records/allbudgets.php,
656,2009,,Zombieland ,Sony,90,87,Monster Force,Action,3036,8147,49.2,42.5,93.3,23.6,69.7,3.95,24.7,,,http://www.the-numbers.com/movies/records/allbudgets.php,

