<movies>
<movie>
	<id>movie1</id>
	<title>asdf</title>
	<director>
		<name>asdf</name>
		<birthday>01.05.2013</birthday>
		<birthplace>xyz</birthplace>
	</director>
	<actors>
		<actor>
			<name>asdf</name>
			<birthday>01.05.2013</birthday>
			<birthplace>xyz</birthplace>
		</actor>
		<actor>
			<name>asdf</name>
			<birthday>01.05.2013</birthday>
			<birthplace>xyz</birthplace>
		</actor>
	</actors>
	<date>01.05.2013</date>
	<studio>asdf</studio>
	<genre>asdf</genre>
	<budget>28.3</budget>
	<gross>543.3</gross>
	<oscar>yes</oscar>
	<globe>yes</globe>
</movie>
<movie>
	<id>movie2</id>
	<title>asdf</title>
	<director>
		<name>asdf</name>
		<birthday>01.05.2013</birthday>
		<birthplace>xyz</birthplace>
	</director>
	<actors>
		<actor>
			<name>asdf</name>
			<birthday>01.05.2013</birthday>
			<birthplace>xyz</birthplace>
		</actor>
		<actor>
			<name>asdf</name>
			<birthday>01.05.2013</birthday>
			<birthplace>xyz</birthplace>
		</actor>
	</actors>
	<date>01.05.2013</date>
	<studio>asdf</studio>
	<genre>asdf</genre>
	<budget>28.3</budget>
	<gross>543.3</gross>
	<oscar>yes</oscar>
	<globe>yes</globe>
</movie>
</movies>