<?xml version="1.0" encoding="UTF-8"?>
<!--
  ~ Copyright (c) 2017 Data and Web Science Group, University of Mannheim, Germany (http://dws.informatik.uni-mannheim.de/)
  ~
  ~ Licensed under the Apache License, Version 2.0 (the "License"); you may not use this file except in compliance with the License.
  ~ You may obtain a copy of the License at
  ~
  ~ http://www.apache.org/licenses/LICENSE-2.0
  ~
  ~ Unless required by applicable law or agreed to in writing, software distributed under the License is distributed on an "AS IS" BASIS, WITHOUT WARRANTIES OR CONDITIONS OF ANY KIND, either express or implied.
  ~ See the License for the specific language governing permissions and limitations under the License.
  -->

<movies>
	<movie>
		<id>academy_awards_1880</id>
		<title>One Flew over the Cuckoo's Nest</title>
		<director>
			<name>Milos Forman</name>
		</director>
		<actors>
			<actor>
				<name>Jack Nicholson</name>
			</actor>
			<actor>
				<name>Brad Dourif</name>
			</actor>
			<actor>
				<name>Louise Fletcher</name>
			</actor>
		</actors>
		<date>1975-01-01</date>
		<oscar>yes</oscar>
	</movie>
	<movie>
		<id>academy_awards_3624</id>
		<title>Gaslight</title>
		<director />
		<actors>
			<actor>
				<name>Charles Boyer</name>
			</actor>
			<actor>
				<name>Ingrid Bergman</name>
			</actor>
			<actor>
				<name>Angela Lansbury</name>
			</actor>
		</actors>
		<date>1944-01-01</date>
		<oscar>yes</oscar>
	</movie>
	<movie>
		<id>academy_awards_3548</id>
		<title>Mildred Pierce</title>
		<director />
		<actors>
			<actor>
				<name>Joan Crawford</name>
			</actor>
			<actor>
				<name>Eve Arden</name>
			</actor>
			<actor>
				<name>Ann Blyth</name>
			</actor>
		</actors>
		<date>1945-01-01</date>
		<oscar>yes</oscar>
	</movie>
	<movie>
		<id>academy_awards_4146</id>
		<title>Jezebel</title>
		<director />
		<actors>
			<actor>
				<name>Bette Davis</name>
			</actor>
			<actor>
				<name>Fay Bainter</name>
			</actor>
		</actors>
		<date>1938-01-01</date>
		<oscar>yes</oscar>
	</movie>
	<movie>
		<id>academy_awards_3423</id>
		<title>The Farmer's Daughter</title>
		<director />
		<actors>
			<actor>
				<name>Charles Bickford</name>
			</actor>
			<actor>
				<name>Loretta Young</name>
			</actor>
		</actors>
		<date>1947-01-01</date>
		<oscar>yes</oscar>
	</movie>
	<movie>
		<id>academy_awards_3713</id>
		<title>Watch on the Rhine</title>
		<director />
		<actors>
			<actor>
				<name>Paul Lukas</name>
			</actor>
			<actor>
				<name>Lucile Watson</name>
			</actor>
		</actors>
		<date>1943-01-01</date>
		<oscar>yes</oscar>
	</movie>
	<movie>
		<id>academy_awards_1430</id>
		<title>Amadeus</title>
		<director>
			<name>Milos Forman</name>
		</director>
		<actors>
			<actor>
				<name>F. Murray Abraham</name>
			</actor>
			<actor>
				<name>Tom Hulce</name>
			</actor>
		</actors>
		<date>1984-01-01</date>
		<oscar>yes</oscar>
	</movie>
	<movie>
		<id>academy_awards_3059</id>
		<title>Stalag 17</title>
		<director>
			<name>Billy Wilder</name>
		</director>
		<actors>
			<actor>
				<name>William Holden</name>
			</actor>
			<actor>
				<name>Robert Strauss</name>
			</actor>
		</actors>
		<date>1953-01-01</date>
		<oscar>yes</oscar>
	</movie>
	<movie>
		<id>academy_awards_4080</id>
		<title>Goodbye, Mr. Chips</title>
		<director>
			<name>Sam Wood</name>
		</director>
		<actors>
			<actor>
				<name>Robert Donat</name>
			</actor>
			<actor>
				<name>Greer Garson</name>
			</actor>
		</actors>
		<date>1939-01-01</date>
		<oscar>yes</oscar>
	</movie>
	<movie>
		<id>academy_awards_3366</id>
		<title>Hamlet</title>
		<director>
			<name>Laurence Olivier</name>
		</director>
		<actors>
			<actor>
				<name>Laurence Olivier</name>
			</actor>
			<actor>
				<name>Jean Simmons</name>
			</actor>
		</actors>
		<date>1948-01-01</date>
		<oscar>yes</oscar>
	</movie>
	<movie>
		<id>academy_awards_4015</id>
		<title>The Philadelphia Story</title>
		<director>
			<name>George Cukor</name>
		</director>
		<actors>
			<actor>
				<name>James Stewart</name>
			</actor>
			<actor>
				<name>Katharine Hepburn</name>
			</actor>
			<actor>
				<name>Ruth Hussey</name>
			</actor>
		</actors>
		<date>1940-01-01</date>
		<oscar>yes</oscar>
	</movie>
	<movie>
		<id>academy_awards_3186</id>
		<title>The African Queen</title>
		<director>
			<name>John Huston</name>
		</director>
		<actors>
			<actor>
				<name>Humphrey Bogart</name>
			</actor>
			<actor>
				<name>Katharine Hepburn</name>
			</actor>
		</actors>
		<date>1951-01-01</date>
		<oscar>yes</oscar>
	</movie>
	<movie>
		<id>academy_awards_4469</id>
		<title>A Free Soul</title>
		<director>
			<name>Clarence Brown</name>
		</director>
		<actors>
			<actor>
				<name>Lionel Barrymore</name>
			</actor>
			<actor>
				<name>Norma Shearer</name>
			</actor>
		</actors>
		<date>1931-01-01</date>
		<oscar>yes</oscar>
	</movie>
	<movie>
		<id>academy_awards_3816</id>
		<title>Mrs. Miniver</title>
		<director>
			<name>William Wyler</name>
		</director>
		<actors>
			<actor>
				<name>Walter Pidgeon</name>
			</actor>
			<actor>
				<name>Henry Travers</name>
			</actor>
			<actor>
				<name>Greer Garson</name>
			</actor>
			<actor>
				<name>Dame May Whitty</name>
			</actor>
			<actor>
				<name>Teresa Wright</name>
			</actor>
		</actors>
		<date>1942-01-01</date>
		<oscar>yes</oscar>
	</movie>
	<movie>
		<id>academy_awards_3910</id>
		<title>Sergeant York</title>
		<director>
			<name>Howard Hawks</name>
		</director>
		<actors>
			<actor>
				<name>Gary Cooper</name>
			</actor>
			<actor>
				<name>Walter Brennan</name>
			</actor>
			<actor>
				<name>Margaret Wycherly</name>
			</actor>
		</actors>
		<date>1941-01-01</date>
		<oscar>yes</oscar>
	</movie>
	<movie>
		<id>academy_awards_3363</id>
		<title>Johnny Belinda</title>
		<director>
			<name>Jean Negulesco</name>
		</director>
		<actors>
			<actor>
				<name>Lew Ayres</name>
			</actor>
			<actor>
				<name>Charles Bickford</name>
			</actor>
			<actor>
				<name>Jane Wyman</name>
			</actor>
			<actor>
				<name>Agnes Moorehead</name>
			</actor>
		</actors>
		<date>1948-01-01</date>
		<oscar>yes</oscar>
	</movie>
	<movie>
		<id>academy_awards_3813</id>
		<title>Yankee Doodle Dandy</title>
		<director>
			<name>Michael Curtiz</name>
		</director>
		<actors>
			<actor>
				<name>James Cagney</name>
			</actor>
			<actor>
				<name>Walter Huston</name>
			</actor>
		</actors>
		<date>1942-01-01</date>
		<oscar>yes</oscar>
	</movie>
	<movie>
		<id>academy_awards_4270</id>
		<title>The Great Ziegfeld</title>
		<director>
			<name>Robert Z. Leonard</name>
		</director>
		<actors>
			<actor>
				<name>Luise Rainer</name>
			</actor>
		</actors>
		<date>1936-01-01</date>
		<oscar>yes</oscar>
	</movie>
	<movie>
		<id>academy_awards_3480</id>
		<title>The Best Years of Our Lives</title>
		<director>
			<name>William Wyler</name>
		</director>
		<actors>
			<actor>
				<name>Fredric March</name>
			</actor>
			<actor>
				<name>Harold Russell</name>
			</actor>
		</actors>
		<date>1946-01-01</date>
		<oscar>yes</oscar>
	</movie>
	<movie>
		<id>academy_awards_4081</id>
		<title>Gone with the Wind</title>
		<director>
			<name>Victor Fleming</name>
		</director>
		<actors>
			<actor>
				<name>Clark Gable</name>
			</actor>
			<actor>
				<name>Vivien Leigh</name>
			</actor>
			<actor>
				<name>Olivia de Havilland</name>
			</actor>
			<actor>
				<name>Hattie McDaniel</name>
			</actor>
		</actors>
		<date>1939-01-01</date>
		<oscar>yes</oscar>
	</movie>
</movies>