{"id":"f0_136","total_area":"28750","infant_mortality":"49.2","datacode":"AL","name":"Albania","indep_date":"28 11 1912","gdp_total":"4100","population_growth":"1.34","inflation":"16","government":"emerging democracy","gdp_agri":"55","car_code":"AL","capital":"f0_1461","population":"3249136"}
{"id":"f0_144","total_area":"450","infant_mortality":"2.2","datacode":"AN","name":"Andorra","gdp_total":"1000","population_growth":"2.96","government":"     parliamentary democracy that retains as its heads of state a coprincipality","car_code":"AND","capital":"f0_1464","population":"72766"}
{"infant_mortality":"6.2","datacode":"AU","indep_date":"12 11 1918","population_growth":"0.41","gdp_serv":"64","capital":"f0_1467","car_code":"A","id":"f0_149","total_area":"83850","name":"Austria","gdp_total":"152000","government":"federal republic","inflation":"2.3","gdp_agri":"2","gdp_ind":"34","population":"8023244"}
{"infant_mortality":"13.4","datacode":"BO","indep_date":"25 08 1991","population_growth":"0.2","gdp_serv":"30","capital":"f0_1474","car_code":"BY","id":"f0_157","total_area":"207600","name":"Belarus","gdp_total":"49200","government":"republic","inflation":"244","gdp_agri":"21","gdp_ind":"49","population":"10415973"}
{"infant_mortality":"6.4","datacode":"BE","indep_date":"04 10 1830","population_growth":"0.33","gdp_serv":"70","capital":"f0_1477","car_code":"B","id":"f0_162","total_area":"30510","name":"Belgium","gdp_total":"197000","government":"constitutional monarchy","inflation":"1.6","gdp_agri":"2","gdp_ind":"28","population":"10170241"}
{"id":"f0_169","total_area":"51233","infant_mortality":"43.2","datacode":"BK","name":"Bosnia and Herzegovina","indep_date":"01 04 1992","gdp_total":"1000","population_growth":"-2.84","government":"emerging democracy","car_code":"BIH","capital":"f0_1484","population":"2656240"}
{"infant_mortality":"15.7","datacode":"BU","indep_date":"22 09 1908","population_growth":"0.46","gdp_serv":"52","capital":"f0_1487","car_code":"BG","id":"f0_174","total_area":"110910","name":"Bulgaria","gdp_total":"43200","government":"emerging democracy","inflation":"35","gdp_agri":"12","gdp_ind":"36","population":"8612757"}
{"infant_mortality":"10.2","datacode":"HR","indep_date":"25 06 1991","population_growth":"0.58","gdp_serv":"56.7","capital":"f0_1490","car_code":"HR","id":"f0_179","total_area":"56538","name":"Croatia","gdp_total":"20100","government":"parliamentary democracy","inflation":"3.7","gdp_agri":"12.7","gdp_ind":"30.6","population":"5004112"}
{"infant_mortality":"8.4","datacode":"EZ","indep_date":"01 01 1993","population_growth":"-0.03","gdp_serv":"53.5","capital":"f0_1493","car_code":"CZ","id":"f0_184","total_area":"78703","name":"Czech Republic","gdp_total":"106200","government":"parliamentary democracy","inflation":"9.1","gdp_agri":"5.8","gdp_ind":"40.7","population":"10321120"}
{"infant_mortality":"4.8","datacode":"DA","population_growth":"0.38","gdp_serv":"73.5","capital":"f0_1498","car_code":"DK","id":"f0_193","total_area":"43070","name":"Denmark","gdp_total":"112800","government":"constitutional monarchy","inflation":"2.4","gdp_agri":"3","gdp_ind":"23.5","population":"5249632"}
{"infant_mortality":"17.4","datacode":"EN","indep_date":"06 09 1991","population_growth":"-1.13","gdp_serv":"53","capital":"f0_1501","car_code":"EW","id":"f0_198","total_area":"45100","name":"Estonia","gdp_total":"12300","government":"republic","inflation":"29","gdp_agri":"10","gdp_ind":"37","population":"1459428"}
{"id":"f0_203","total_area":"1400","infant_mortality":"7.2","datacode":"FO","name":"Faroe Islands","gdp_total":"733","population_growth":"-1.8","inflation":"6.8","government":"part of the Danish realm","capital":"f0_1504","population":"43857"}
{"infant_mortality":"4.9","datacode":"FI","indep_date":"06 12 1917","population_growth":"0.1","gdp_serv":"67.4","capital":"f0_1507","car_code":"SF","id":"f0_208","total_area":"337030","name":"Finland","gdp_total":"92400","government":"republic","inflation":"2","gdp_agri":"4.6","gdp_ind":"28","population":"5105230"}
{"infant_mortality":"5.3","datacode":"FR","population_growth":"0.34","gdp_serv":"71.1","capital":"f0_1510","car_code":"F","id":"f0_213","total_area":"547030","name":"France","gdp_total":"1173000","government":"republic","inflation":"1.7","gdp_agri":"2.4","gdp_ind":"26.5","population":"58317448"}
{"infant_mortality":"6","datacode":"GM","indep_date":"18 01 1871","population_growth":"0.67","gdp_serv":"64.8","capital":"f0_1515","car_code":"D","id":"f0_220","total_area":"356910","name":"Germany","gdp_total":"1452200","government":"federal republic","gdp_agri":"1","gdp_ind":"34.2","population":"83536112"}
{"id":"f0_227","total_area":"6.5","infant_mortality":"6.9","datacode":"GI","name":"Gibraltar","gdp_total":"205","population_growth":"0.54","government":"dependent territory of the UK","capital":"f0_1520","population":"28765"}
{"infant_mortality":"7.4","datacode":"GR","indep_date":"01 01 1829","population_growth":"0.42","gdp_serv":"66","capital":"f0_1522","car_code":"GR","id":"f0_232","total_area":"131940","name":"Greece","gdp_total":"101700","government":"parliamentary republic","inflation":"8.1","gdp_agri":"11.8","gdp_ind":"22.2","population":"10538594"}
{"id":"f0_239","total_area":"194","infant_mortality":"9.2","datacode":"GK","name":"Guernsey","population_growth":"1.28","inflation":"7","government":"British crown dependency","capital":"f0_1528","population":"62920"}
{"id":"f0_244","total_area":"0.44","datacode":"VT","name":"Holy See","indep_date":"11 02 1929","population_growth":"1.15","government":"monarchical sacerdotal state","car_code":"V","capital":"f0_1531","population":"840"}
{"infant_mortality":"12.3","datacode":"HU","indep_date":"01 01 1001","population_growth":"-0.68","gdp_serv":"55.2","capital":"f0_1533","car_code":"H","id":"f0_251","total_area":"93030","name":"Hungary","gdp_total":"72500","government":"republic","inflation":"28.3","gdp_agri":"7.3","gdp_ind":"37.5","population":"10002541"}
{"infant_mortality":"4.3","datacode":"IC","indep_date":"17 06 1944","population_growth":"0.83","gdp_serv":"68.3","capital":"f0_1538","car_code":"IS","id":"f0_258","total_area":"103000","name":"Iceland","gdp_total":"5000","government":"republic","inflation":"2.5","gdp_agri":"9.6","gdp_ind":"22.1","population":"270292"}
{"infant_mortality":"6.4","datacode":"EI","indep_date":"06 12 1921","population_growth":"-0.22","gdp_serv":"57.9","capital":"f0_1541","car_code":"IRL","id":"f0_263","total_area":"70280","name":"Ireland","gdp_total":"54600","government":"republic","inflation":"2.8","gdp_agri":"6.8","gdp_ind":"35.3","population":"3566833"}
{"infant_mortality":"6.9","datacode":"IT","indep_date":"17 03 1861","population_growth":"0.13","gdp_serv":"65.5","capital":"f0_1544","car_code":"I","id":"f0_268","total_area":"301230","name":"Italy","gdp_total":"1088600","government":"republic","inflation":"5.4","gdp_agri":"2.9","gdp_ind":"31.6","population":"57460272"}
{"id":"f0_275","total_area":"117","infant_mortality":"2.7","datacode":"JE","name":"Jersey","population_growth":"0.77","government":"British crown dependency","capital":"f0_1551","population":"87848"}
{"infant_mortality":"21.2","datacode":"LG","indep_date":"06 09 1991","population_growth":"-1.39","gdp_serv":"60","capital":"f0_1554","car_code":"LV","id":"f0_280","total_area":"64100","name":"Latvia","gdp_total":"14700","government":"republic","inflation":"20","gdp_agri":"9","gdp_ind":"31","population":"2468982"}
{"id":"f0_285","total_area":"160","infant_mortality":"5.3","datacode":"LS","name":"Liechtenstein","indep_date":"23 01 1719","gdp_total":"630","population_growth":"1.08","inflation":"5.4","government":"hereditary constitutional monarchy","car_code":"FL","capital":"f0_1557","population":"31122"}
{"infant_mortality":"17","datacode":"LH","indep_date":"06 09 1991","population_growth":"-0.35","gdp_serv":"38","capital":"f0_1560","car_code":"LT","id":"f0_290","total_area":"65200","name":"Lithuania","gdp_total":"13300","government":"republic","inflation":"35","gdp_agri":"20","gdp_ind":"42","population":"3646041"}
{"infant_mortality":"4.7","datacode":"LU","population_growth":"1.57","gdp_serv":"64.9","capital":"f0_1563","car_code":"L","id":"f0_295","total_area":"2586","name":"Luxembourg","gdp_total":"10000","government":"constitutional monarchy","inflation":"3.6","gdp_agri":"1.4","gdp_ind":"33.7","population":"415870"}
{"infant_mortality":"29.7","datacode":"MK","indep_date":"17 09 1991","population_growth":"0.46","gdp_serv":"32","capital":"f0_1565","car_code":"MK","id":"f0_300","total_area":"25333","name":"Macedonia","gdp_total":"1900","government":"emerging democracy","inflation":"14.8","gdp_agri":"24","gdp_ind":"44","population":"2104035"}
{"id":"f0_305","total_area":"320","infant_mortality":"6.9","datacode":"MT","name":"Malta","indep_date":"21 09 1964","gdp_total":"4400","population_growth":"1.01","inflation":"5","government":"parliamentary democracy","car_code":"M","capital":"f0_1568","population":"375576"}
{"id":"f0_310","total_area":"588","infant_mortality":"2.4","datacode":"IM","name":"Man","gdp_total":"780","population_growth":"0.94","inflation":"7","government":"British crown dependency","capital":"f0_1571","population":"73837"}
{"infant_mortality":"47.6","datacode":"MD","indep_date":"27 08 1991","population_growth":"0.18","gdp_serv":"31","capital":"f0_1574","car_code":"MD","id":"f0_315","total_area":"33700","name":"Moldova","gdp_total":"10400","government":"republic","inflation":"24","gdp_agri":"33","gdp_ind":"36","population":"4463847"}
{"id":"f0_320","total_area":"1.9","infant_mortality":"6.9","datacode":"MN","name":"Monaco","indep_date":"01 01 1419","gdp_total":"788","population_growth":"0.59","government":"constitutional monarchy","car_code":"MC","capital":"f0_1577","population":"31719"}
{"infant_mortality":"4.9","datacode":"NL","indep_date":"01 01 1579","population_growth":"0.56","gdp_serv":"69.7","capital":"f0_1579","car_code":"NL","id":"f0_325","total_area":"37330","name":"Netherlands","gdp_total":"301900","government":"constitutional monarchy","inflation":"2.25","gdp_agri":"3.4","gdp_ind":"26.9","population":"15568034"}
{"infant_mortality":"4.9","datacode":"NO","indep_date":"26 10 1905","population_growth":"0.48","gdp_serv":"62.4","capital":"f0_1583","car_code":"N","id":"f0_332","total_area":"324220","name":"Norway","gdp_total":"106200","government":"constitutional monarchy","inflation":"2.5","gdp_agri":"2.9","gdp_ind":"34.7","population":"4383807"}
{"infant_mortality":"12.4","datacode":"PL","indep_date":"11 11 1918","population_growth":"0.14","gdp_serv":"55","capital":"f0_1586","car_code":"PL","id":"f0_337","total_area":"312683","name":"Poland","gdp_total":"226700","government":"democratic state","inflation":"21.6","gdp_agri":"7","gdp_ind":"38","population":"38642564"}
{"infant_mortality":"7.6","datacode":"PO","indep_date":"01 01 1140","population_growth":"0.02","gdp_serv":"58.2","capital":"f0_1589","car_code":"P","id":"f0_344","total_area":"92080","name":"Portugal","gdp_total":"116200","government":"republic","inflation":"4.6","gdp_agri":"6","gdp_ind":"35.8","population":"9865114"}
{"infant_mortality":"23.2","datacode":"RO","indep_date":"01 01 1881","population_growth":"-1.21","gdp_serv":"44.1","capital":"f0_1595","car_code":"RO","id":"f0_351","total_area":"237500","name":"Romania","gdp_total":"105700","government":"republic","inflation":"25","gdp_agri":"19.6","gdp_ind":"36.3","population":"21657162"}
{"infant_mortality":"24.7","datacode":"RS","indep_date":"24 08 1991","population_growth":"-0.07","gdp_serv":"53","capital":"f0_1598","car_code":"R","id":"f0_358","total_area":"17075200","name":"Russia","gdp_total":"796000","government":"federation","inflation":"7","gdp_agri":"6","gdp_ind":"41","population":"148178480"}
{"id":"f0_365","total_area":"60","infant_mortality":"5.5","datacode":"SM","name":"San Marino","indep_date":"01 01 0301","gdp_total":"380","population_growth":"0.82","inflation":"5.5","government":"republic","car_code":"RSM","capital":"f0_1603","population":"24521"}
{"id":"f0_370","total_area":"102350","name":"Serbia and Montenegro","indep_date":"11 04 1992","gdp_total":"20600","inflation":"20","government":"republic","car_code":"YU","capital":"f0_1605","population":"10614558"}
{"infant_mortality":"10.7","datacode":"LO","indep_date":"01 01 1993","population_growth":"0.34","gdp_serv":"45.7","capital":"f0_1608","car_code":"SK","id":"f0_375","total_area":"48845","name":"Slovakia","gdp_total":"39000","government":"parliamentary democracy","inflation":"7.5","gdp_agri":"6.7","gdp_ind":"47.6","population":"5374362"}
{"infant_mortality":"7.3","datacode":"SI","indep_date":"25 06 1991","population_growth":"-0.27","gdp_serv":"54.8","capital":"f0_1611","car_code":"SLO","id":"f0_380","total_area":"20256","name":"Slovenia","gdp_total":"22600","government":"emerging democracy","inflation":"8","gdp_agri":"5.3","gdp_ind":"39.9","population":"1951443"}
{"infant_mortality":"6.3","datacode":"SP","indep_date":"01 01 1492","population_growth":"0.16","gdp_serv":"62.8","capital":"f0_1614","car_code":"E","id":"f0_385","total_area":"504750","name":"Spain","gdp_total":"565000","government":"parliamentary monarchy","inflation":"4.3","gdp_agri":"3.6","gdp_ind":"33.6","population":"39181112"}
{"id":"f0_392","total_area":"62049","datacode":"SV","name":"Svalbard","population_growth":"-4.01","government":"territory of Norway administered by the Ministry of Industry","capital":"f0_1619","population":"2715"}
{"infant_mortality":"4.5","datacode":"SW","population_growth":"0.56","gdp_serv":"71","capital":"f0_1622","car_code":"S","id":"f0_397","total_area":"449964","name":"Sweden","gdp_total":"177300","government":"constitutional monarchy","inflation":"2.6","gdp_agri":"2","gdp_ind":"27","population":"8900954"}
{"infant_mortality":"5.4","datacode":"SZ","population_growth":"0.59","gdp_serv":"63.5","capital":"f0_1627","car_code":"CH","id":"f0_404","total_area":"41290","name":"Switzerland","gdp_total":"158500","government":"federal republic","inflation":"1.8","gdp_agri":"3","gdp_ind":"33.5","population":"7207060"}
{"infant_mortality":"22.5","datacode":"UP","indep_date":"01 12 1991","population_growth":"-0.4","gdp_serv":"26","capital":"f0_1632","car_code":"UA","id":"f0_411","total_area":"603700","name":"Ukraine","gdp_total":"174600","government":"republic","inflation":"9","gdp_agri":"31","gdp_ind":"43","population":"50864008"}
{"infant_mortality":"6.4","datacode":"UK","indep_date":"01 01 1801","population_growth":"0.22","gdp_serv":"70.6","capital":"f0_1639","car_code":"GB","id":"f0_418","total_area":"244820","name":"United Kingdom","gdp_total":"1138400","government":"constitutional monarchy","inflation":"3.1","gdp_agri":"1.7","gdp_ind":"27.7","population":"58489976"}
{"infant_mortality":"8.4","datacode":"CY","indep_date":"16 08 1960","population_growth":"1.11","gdp_serv":"69.5","capital":"f0_1681","car_code":"CY","id":"f0_482","total_area":"9250","name":"Cyprus","gdp_total":"7800","government":"republic","gdp_agri":"5.6","gdp_ind":"24.9","population":"744609"}
{"infant_mortality":"43.2","datacode":"TU","indep_date":"29 10 1923","population_growth":"1.67","gdp_serv":"51.3","capital":"f0_1797","car_code":"TR","id":"f0_670","total_area":"780580","name":"Turkey","gdp_total":"345700","government":"republican parliamentary democracy","inflation":"94","gdp_agri":"15.5","gdp_ind":"33.2","population":"62484480"}
